file,match_count,top_term_1,top_term_2,top_term_3,top_term_4,top_term_5
/Users/ghostlink/ghostlink-wiki-organized/WRAITHGATE_index.txt,13300,the,to,and,"null,",-
/Users/ghostlink/Organized/Docs/Downloads/GHOSTLINK_WIKI_COMPLETE.md,93,GhostLink,for,of,**GhostLink,through
/Users/ghostlink/Organized/Docs/Downloads/GHOSTLINK_COMPLETE_ARTIFACT.md,91,GhostLink,of,for,**GhostLink,through
/Users/ghostlink/Organized/Misc/organize_manifest_dryrun_home.csv/organize_manifest_dryrun_home.csv,54,/Users/ghostlink/Library/Mobile,Documents/com~apple~CloudDocs/Desktop/Desktop,-,MacBook,Ghost's
/Users/ghostlink/Organized/Docs/Downloads/glossary.md,28,GhostLink,of,for,to,and
/Users/ghostlink/ghostlink-wiki-organized/implementation/core/ghostlink_model.py,26,GhostLink,for,model,AI,=
/Users/ghostlink/ghostlink-wiki-organized/ghostlink_comprehension_agent.py,19,GhostLink,=,Documentation,comprehension,Comprehension
/Users/ghostlink/Organized/Misc/organize_manifest_dryrun_volumes.csv/organize_manifest_dryrun_volumes.csv,18,/Volumes/ghost/ghostlinklabs/docs/GhostLink,Full,Stack,Knowledge,Mesh
/Users/ghostlink/ghostlink-wiki-organized/design_clarity_os.py,17,GhostLink,Root,Protocol,Design,Clarity
/Users/ghostlink/ghostlink-wiki-organized/database/system_metadata.json,16,through,Research,GhostLink,"""The","""GhostLinkLabs"
/Users/ghostlink/ghostlink-wiki-organized/implementation/core/ai_providers.py,15,GhostLink,consciousness,-,into,"consciousness"""""""
/Users/ghostlink/Organized/Docs/Downloads/project-summary.md,13,GhostLink:,variance,-,**GhostLink,AI
/Users/ghostlink/ghostlink-wiki-organized/implementation/core/api_integration.py,12,GhostLink,-,"""description"":",Absorbed,into
/Users/ghostlink/Organized/Projects/ghostlink_integrated.py/ghostlink_integrated.py,11,GhostLink,=,prompt,response,for
/Users/ghostlink/Organized/Docs/Downloads/mathematical-foundations.md,10,GhostLink,**GhostLink,the,application:**,mathematical
/Users/ghostlink/ghostlink-wiki-organized/implementation/ui/node_modules/qs/README.md,9,the,`charsetSentinel`,charsetSentinel:,when,true
/Users/ghostlink/Organized/Docs/GHOSTLINK_PROTOCOL_INTEGRATION.md/GHOSTLINK_PROTOCOL_INTEGRATION.md,9,GhostLink,Protocol,v8.0,│,#
/Users/ghostlink/ghostlink-wiki-organized/GHOSTLINK_FULL_COMPREHENSION.md,8,GhostLink,Agent,Comprehension,of,the
/Users/ghostlink/ghostlink-wiki-organized/triad_synergy.py,8,GhostLink,Triad,Synergy,#,=
/Users/ghostlink/ghostlink-wiki-organized/README.md,8,GhostLink,Triad,**GhostLink,-,#
/Users/ghostlink/ghostlink-wiki-organized/implementation/core/ghostlink_specification.py,8,GhostLinkLabs,Specification,the,specification,for
/Users/ghostlink/ghostlink-wiki-organized/implementation/utils/error_handling.py,8,class,for,"GhostLink""""""","""""""Error",Handling
/Users/ghostlink/Organized/Projects/ghostlink_backend.py/ghostlink_backend.py,8,Backend,=,GhostLink,Zero-Dependency,#
/Users/ghostlink/Organized/Docs/GHOSTLINK_ECOSYSTEM.md/GHOSTLINK_ECOSYSTEM.md,8,GhostLink,Ecosystem,is,│,-d
/Users/ghostlink/Organized/Docs/README_GHOSTLINK_ZERO_DEP.md/README_GHOSTLINK_ZERO_DEP.md,8,and,GhostLink,the,backend,Zero-Dependency
/Users/ghostlink/ghostlink-wiki-organized/ghostlink_mental_model.md,7,legacy,-,of,/,GhostLink
/Users/ghostlink/ghostlink-wiki-organized/ghostlink_mental_model.json,7,and,"""(legacy)",for,to,"""name"":"
/Users/ghostlink/ghostlink-wiki-organized/documentation/LINK.md,7,GhostLink,your,all,is,AI
/Users/ghostlink/ghostlink-wiki-organized/core-runtime/ghostlink_main.py,7,GhostLink,system,the,complete,Unified
/Users/ghostlink/ghostlink-wiki-organized/implementation/link.py,7,GhostLink,Link,coordinates,all,components
/Users/ghostlink/Organized/Projects/ghostlink_ide.py/ghostlink_ide.py,7,IDE,-,"self.title(f""GhostLink","{os.path.basename(fname)}"")",GhostLink
/Users/ghostlink/Organized/Projects/ghostlink_supervisor.py/ghostlink_supervisor.py,7,GhostLink,supervisor,parser,=,"argparse.ArgumentParser(description=""GhostLink"
/Users/ghostlink/ghostlink-wiki-organized/TRIAD_SYNERGY_COMPLETE.md,6,Triad,The,GhostLink,-,system
/Users/ghostlink/ghostlink-wiki-organized/scripts/setup_hybrid_triad.py,6,Hybrid,Triad,GhostLink,=,"Setup"")"
/Users/ghostlink/Organized/Docs/PROTOCOL_IMPLEMENTATION_SUMMARY.md/PROTOCOL_IMPLEMENTATION_SUMMARY.md,6,GhostLink,Protocol,v8.0,│,#
/Users/ghostlink/Organized/Docs/Downloads/NASA_Robbie_George_Resume_UPDATED.txt,6,GhostLink,and,AI,with,of
/Users/ghostlink/Organized/Docs/Downloads/NASA_Robbie_George_FINAL_2PAGE.txt,6,GhostLink,AI,and,with,of
/Users/ghostlink/Organized/Docs/Downloads/NASA_Robbie_George_FINAL_.txt,6,GhostLink,AI,and,with,of
/Users/ghostlink/Organized/Docs/Downloads/NASA_Robbie_George_Resume_2PAGE.txt,6,GhostLink,AI,and,in,years
/Users/ghostlink/Organized/Docs/Downloads/variance-analysis.md,6,###,GhostLink,**GhostLink,GhostLink:,View
/Users/ghostlink/ghostlink-wiki-organized/DESIGN_CLARITY_OS_README.md,5,Design,Clarity,the,all,GhostLink
/Users/ghostlink/ghostlink-wiki-organized/evolutionary_intelligence.py,5,GhostLink,Evolutionary,system,"Intelligence"")",Intelligence
/Users/ghostlink/ghostlink-wiki-organized/documentation/CONSOLIDATED_README.md,5,Python,GhostLink,-,from,#
/Users/ghostlink/ghostlink-wiki-organized/documentation/QUICKSTART.md,5,GhostLink,Python,my,codebase.,#
/Users/ghostlink/ghostlink-wiki-organized/documentation/LINK_CHAT_AGENT.md,5,GhostLink,is,@link,remember,that
/Users/ghostlink/ghostlink-wiki-organized/core-runtime/main.py,5,-,AI,Ecosystem,Absorptive,Consciousness
/Users/ghostlink/ghostlink-wiki-organized/api/main.py,5,GhostLink,Backend,API,for,services
/Users/ghostlink/Organized/Projects/test_protocol.py/test_protocol.py,5,Protocol,v8.0,-,Comprehensive,Test
/Users/ghostlink/Organized/Docs/GHOSTLINK_COMPLETE.md/GHOSTLINK_COMPLETE.md,5,GhostLink,Protocol,v8.0,Complete,Robert
/Users/ghostlink/ghostlink-wiki-organized/MIRROR_COMPREHENSION_README.md,4,and,GhostLink,system,Mirror,Comprehension
/Users/ghostlink/ghostlink-wiki-organized/documentation/API_KEY_README.md,4,API,GhostLink,This,the,key
/Users/ghostlink/ghostlink-wiki-organized/documentation/OPEN_SOURCE.md,4,GhostLink,open,is,and,only
/Users/ghostlink/ghostlink-wiki-organized/implementation/core/governance_validator.py,4,Governance,GhostLink,operations,against,the
/Users/ghostlink/ghostlink-wiki-organized/implementation/utils/config.py,4,#,GhostLink,"""""""Centralized",Configuration,Management
/Users/ghostlink/ghostlink-wiki-organized/api/extraction_service.py,4,Extraction,Service,"logger.info(""GhostLink",GhostLink,app
/Users/ghostlink/ghostlink-wiki-organized/mcp-servers/main.py,4,GhostLink,MCP,(Model,Context,Protocol)
/Users/ghostlink/Organized/Docs/SYSTEM_AUDIT_REPORT.md/SYSTEM_AUDIT_REPORT.md,4,GhostLink,and,Protocol,v8.0,are
/Users/ghostlink/Organized/Docs/Downloads/python-backend.md,4,for,and,The,GhostLink,Python
/Users/ghostlink/Organized/Docs/Downloads/cmfl-reasoning.md,4,→,and,The,**Actor:**,persona
/Users/ghostlink/Organized/Docs/Downloads/GHOSTLINK_CODE_MASTER.md,4,Protocol,GhostLink,API,"title=""GhostLink","API"","
/Users/ghostlink/Organized/Docs/Downloads/11-mirror-domains.md,4,**GhostLink,Application:**,reveals,invisible,in
/Users/ghostlink/ghostlink-wiki-organized/multi_agent_engine.py,3,Multi-Agent,Expansion,Compression,GhostLink,"Engine"")"
/Users/ghostlink/ghostlink-wiki-organized/unified_consciousness.py,3,Unified,Consciousness,GhostLink,"Framework"")",Framework
/Users/ghostlink/ghostlink-wiki-organized/setup.py,3,Setup,script,for,GhostLink,Hybrid
/Users/ghostlink/ghostlink-wiki-organized/test_part.py,3,GhostLink,system,Evolutionary,Intelligence,Framework
/Users/ghostlink/ghostlink-wiki-organized/documentation/SHELL_INTEGRATION.md,3,GhostLink,shell,#,Shell,Integration
/Users/ghostlink/ghostlink-wiki-organized/implementation/orchestration.py,3,orchestration,for,GhostLink,"""""""GhostLink",Pure
/Users/ghostlink/ghostlink-wiki-organized/implementation/ui/README.md,3,GhostLink,UI,the,probe,#
/Users/ghostlink/ghostlink-wiki-organized/implementation/interfaces/cli.py,3,AI,"""""""Command",Line,Interface,for
/Users/ghostlink/Organized/Projects/ghostlink-wiki-organized/python_20251125_141000_173f7c1cf91641e5.py,3,Protocol,GhostLink,API,"title=""GhostLink","API"","
/Users/ghostlink/Organized/Projects/ghostlink-wiki-organized/python_20251125_132839_173f7c1cf91641e5_1.py,3,Protocol,GhostLink,API,"title=""GhostLink","API"","
/Users/ghostlink/Organized/Projects/ghostlink-wiki-organized/python_20251125_140850_173f7c1cf91641e5_1.py,3,Protocol,GhostLink,API,"title=""GhostLink","API"","
/Users/ghostlink/Organized/Projects/ghostlink-wiki-organized/python_20251125_141000_173f7c1cf91641e5_1.py,3,Protocol,GhostLink,API,"title=""GhostLink","API"","
/Users/ghostlink/Organized/Projects/ghostlink-wiki-organized/python_20251125_140850_173f7c1cf91641e5.py,3,Protocol,GhostLink,API,"title=""GhostLink","API"","
/Users/ghostlink/Organized/Projects/ghostlink-wiki-organized/python_20251125_135118_173f7c1cf91641e5_1.py,3,Protocol,GhostLink,API,"title=""GhostLink","API"","
/Users/ghostlink/Organized/Projects/ghostlink-wiki-organized/python_20251125_132839_173f7c1cf91641e5.py,3,Protocol,GhostLink,API,"title=""GhostLink","API"","
/Users/ghostlink/Organized/Projects/ghostlink-wiki-organized/python_20251125_135307_173f7c1cf91641e5.py,3,Protocol,GhostLink,API,"title=""GhostLink","API"","
/Users/ghostlink/Organized/Projects/ghostlink-wiki-organized/python_20251125_135307_173f7c1cf91641e5_1.py,3,Protocol,GhostLink,API,"title=""GhostLink","API"","
/Users/ghostlink/Organized/Projects/ghostlink-wiki-organized/python_20251125_135118_173f7c1cf91641e5.py,3,Protocol,GhostLink,API,"title=""GhostLink","API"","
/Users/ghostlink/Organized/Projects/Downloads/extraction_script.py,3,GhostLink,Wiki,-,Automated,Code
/Users/ghostlink/Organized/Docs/ghostlink-wiki-organized/GHOSTLINK_PROTOCOL_V8_SPEC.md,3,the,GhostLink,Protocol,v8.0,#
/Users/ghostlink/Organized/Docs/GHOSTLINK-V2-GUIDE.md/GHOSTLINK-V2-GUIDE.md,3,GhostLink,#,Control,Center,v2.0
/Users/ghostlink/Organized/Docs/Downloads/01_CONSTRUCTION_PLAN.md,3,GhostLink,-,Orchestrator,(~2000+,lines
/Users/ghostlink/Organized/Docs/Downloads/00_MASTER_TRACE_MAP.md,3,-,GhostLink,automation,orchestrator,GhostLink_Full_Research_Paper.docx
/Users/ghostlink/Organized/Docs/Downloads/64-agent-array.md,3,The,GhostLink,Protocol,employs,64
/Users/ghostlink/Organized/Docs/Downloads/stigmergic-coordination.md,3,Stigmergic,**GhostLink,System:**,###,Coordination
/Users/ghostlink/Organized/Docs/Downloads/02_EXTRACTION_QUERIES.md,3,max_results=10),orchestrator,"conversation_search(""Ghost",Lumara,Dak
/Users/ghostlink/ghostlink-wiki-organized/MULTI_AGENT_ENGINE_README.md,2,GhostLink,#,Multi-Agent,Expansion,Compression
/Users/ghostlink/ghostlink-wiki-organized/requirements.txt,2,#,GhostLink,Hybrid,Triad,-
/Users/ghostlink/ghostlink-wiki-organized/test_syntax.py,2,GhostLink,Evolutionary,Intelligence,Framework,This
/Users/ghostlink/ghostlink-wiki-organized/mirror_comprehension.py,2,Mirror,Comprehension,GhostLink,System,parser
/Users/ghostlink/ghostlink-wiki-organized/integration_test.py,2,GhostLink,Design,Clarity,OS,-
/Users/ghostlink/ghostlink-wiki-organized/documentation/ghostlink_proof_of_record.md,2,GhostLink,the,#,—,Proof
/Users/ghostlink/ghostlink-wiki-organized/documentation/SHELL_INTEGRATION_COMPLETE.md,2,-,1.,**GhostLink,PowerShell**,🔷
/Users/ghostlink/ghostlink-wiki-organized/documentation/SETUP.md,2,GhostLink,#,Setup,Guide,Complete
/Users/ghostlink/ghostlink-wiki-organized/implementation/blueprint.py,2,for,GhostLink,"""""""Utilities",defining,and
/Users/ghostlink/ghostlink-wiki-organized/implementation/health_monitor.py,2,"""""""Health",monitoring,and,proactive,error
/Users/ghostlink/ghostlink-wiki-organized/implementation/troubleshooter.py,2,and,for,"""""""Automatic",Troubleshooting,Error
/Users/ghostlink/ghostlink-wiki-organized/implementation/network/__init__.py,2,"""""""GhostLink",Network,Communications,-,CAN
/Users/ghostlink/ghostlink-wiki-organized/implementation/utils/logging.py,2,-,"""""""Logging",Configuration,for,GhostLink
/Users/ghostlink/ghostlink-wiki-organized/implementation/interfaces/terminal_90s.py,2,GhostLink,"""""""90s",Terminal,Interface,for
/Users/ghostlink/Organized/Projects/ghostlink-wiki-organized/python_20251125_132429_6f06ad3bcc4a25cd.py,2,from,ghostlink_lattice,import,"GhostLinkLattice,","ComponentType,"
/Users/ghostlink/Organized/Projects/ghostlink-wiki-organized/python_20251125_141158_6f06ad3bcc4a25cd.py,2,from,ghostlink_lattice,import,"GhostLinkLattice,","ComponentType,"
/Users/ghostlink/Organized/Projects/ghostlink-wiki-organized/python_20251125_140657_23598566e7630dcd.py,2,class,GhostLinkClient:,"""""""HTTP",client,for
/Users/ghostlink/Organized/Projects/ghostlink-wiki-organized/python_20251125_132849_23598566e7630dcd_1.py,2,class,GhostLinkClient:,"""""""HTTP",client,for
/Users/ghostlink/Organized/Projects/ghostlink-wiki-organized/python_20251125_141158_6f06ad3bcc4a25cd_1.py,2,from,ghostlink_lattice,import,"GhostLinkLattice,","ComponentType,"
/Users/ghostlink/Organized/Projects/ghostlink-wiki-organized/python_20251125_140851_6f06ad3bcc4a25cd_1.py,2,from,ghostlink_lattice,import,"GhostLinkLattice,","ComponentType,"
/Users/ghostlink/Organized/Projects/ghostlink-wiki-organized/python_20251125_140223_23598566e7630dcd_1.py,2,class,GhostLinkClient:,"""""""HTTP",client,for
/Users/ghostlink/Organized/Projects/ghostlink-wiki-organized/python_20251125_140223_6f06ad3bcc4a25cd.py,2,from,ghostlink_lattice,import,"GhostLinkLattice,","ComponentType,"
/Users/ghostlink/Organized/Projects/ghostlink-wiki-organized/python_20251125_131136_6f06ad3bcc4a25cd_1.py,2,from,ghostlink_lattice,import,"GhostLinkLattice,","ComponentType,"
/Users/ghostlink/Organized/Projects/ghostlink-wiki-organized/python_20251125_135119_6f06ad3bcc4a25cd.py,2,from,ghostlink_lattice,import,"GhostLinkLattice,","ComponentType,"
/Users/ghostlink/Organized/Projects/ghostlink-wiki-organized/python_20251125_140206_6f06ad3bcc4a25cd_1.py,2,from,ghostlink_lattice,import,"GhostLinkLattice,","ComponentType,"
/Users/ghostlink/Organized/Projects/ghostlink-wiki-organized/python_20251125_132849_23598566e7630dcd.py,2,class,GhostLinkClient:,"""""""HTTP",client,for
/Users/ghostlink/Organized/Projects/ghostlink-wiki-organized/python_20251125_131346_6f06ad3bcc4a25cd.py,2,from,ghostlink_lattice,import,"GhostLinkLattice,","ComponentType,"
/Users/ghostlink/Organized/Projects/ghostlink-wiki-organized/python_20251125_140657_23598566e7630dcd_1.py,2,class,GhostLinkClient:,"""""""HTTP",client,for
/Users/ghostlink/Organized/Projects/ghostlink-wiki-organized/python_20251125_135204_23598566e7630dcd.py,2,class,GhostLinkClient:,"""""""HTTP",client,for
/Users/ghostlink/Organized/Projects/ghostlink-wiki-organized/python_20251125_135308_6f06ad3bcc4a25cd.py,2,from,ghostlink_lattice,import,"GhostLinkLattice,","ComponentType,"
/Users/ghostlink/Organized/Projects/ghostlink-wiki-organized/python_20251125_141305_6f06ad3bcc4a25cd.py,2,from,ghostlink_lattice,import,"GhostLinkLattice,","ComponentType,"
/Users/ghostlink/Organized/Projects/ghostlink-wiki-organized/python_20251125_141305_6f06ad3bcc4a25cd_1.py,2,from,ghostlink_lattice,import,"GhostLinkLattice,","ComponentType,"
/Users/ghostlink/Organized/Projects/ghostlink-wiki-organized/python_20251125_131346_23598566e7630dcd_1.py,2,class,GhostLinkClient:,"""""""HTTP",client,for
/Users/ghostlink/Organized/Projects/ghostlink-wiki-organized/python_20251125_133137_6f06ad3bcc4a25cd_1.py,2,from,ghostlink_lattice,import,"GhostLinkLattice,","ComponentType,"
/Users/ghostlink/Organized/Projects/ghostlink-wiki-organized/python_20251125_132249_23598566e7630dcd.py,2,class,GhostLinkClient:,"""""""HTTP",client,for
/Users/ghostlink/Organized/Projects/ghostlink-wiki-organized/python_20251125_132429_6f06ad3bcc4a25cd_1.py,2,from,ghostlink_lattice,import,"GhostLinkLattice,","ComponentType,"
/Users/ghostlink/Organized/Projects/ghostlink-wiki-organized/python_20251125_133137_6f06ad3bcc4a25cd.py,2,from,ghostlink_lattice,import,"GhostLinkLattice,","ComponentType,"
/Users/ghostlink/Organized/Projects/ghostlink-wiki-organized/python_20251125_132249_23598566e7630dcd_1.py,2,class,GhostLinkClient:,"""""""HTTP",client,for
/Users/ghostlink/Organized/Projects/ghostlink-wiki-organized/python_20251125_132849_6f06ad3bcc4a25cd_1.py,2,from,ghostlink_lattice,import,"GhostLinkLattice,","ComponentType,"
/Users/ghostlink/Organized/Projects/ghostlink-wiki-organized/python_20251125_135119_6f06ad3bcc4a25cd_1.py,2,from,ghostlink_lattice,import,"GhostLinkLattice,","ComponentType,"
/Users/ghostlink/Organized/Projects/ghostlink-wiki-organized/python_20251125_141037_23598566e7630dcd_1.py,2,class,GhostLinkClient:,"""""""HTTP",client,for
/Users/ghostlink/Organized/Projects/ghostlink-wiki-organized/python_20251125_140851_6f06ad3bcc4a25cd.py,2,from,ghostlink_lattice,import,"GhostLinkLattice,","ComponentType,"
/Users/ghostlink/Organized/Projects/ghostlink-wiki-organized/python_20251125_140206_6f06ad3bcc4a25cd.py,2,from,ghostlink_lattice,import,"GhostLinkLattice,","ComponentType,"
/Users/ghostlink/Organized/Projects/ghostlink-wiki-organized/python_20251125_132849_6f06ad3bcc4a25cd.py,2,from,ghostlink_lattice,import,"GhostLinkLattice,","ComponentType,"
/Users/ghostlink/Organized/Projects/ghostlink-wiki-organized/python_20251125_131346_23598566e7630dcd.py,2,class,GhostLinkClient:,"""""""HTTP",client,for
/Users/ghostlink/Organized/Projects/ghostlink-wiki-organized/python_20251125_135308_6f06ad3bcc4a25cd_1.py,2,from,ghostlink_lattice,import,"GhostLinkLattice,","ComponentType,"
/Users/ghostlink/Organized/Projects/ghostlink-wiki-organized/python_20251125_133559_23598566e7630dcd.py,2,class,GhostLinkClient:,"""""""HTTP",client,for
/Users/ghostlink/Organized/Projects/ghostlink-wiki-organized/python_20251125_141307_23598566e7630dcd.py,2,class,GhostLinkClient:,"""""""HTTP",client,for
/Users/ghostlink/Organized/Projects/ghostlink-wiki-organized/python_20251125_140223_6f06ad3bcc4a25cd_1.py,2,from,ghostlink_lattice,import,"GhostLinkLattice,","ComponentType,"
/Users/ghostlink/Organized/Projects/ghostlink-wiki-organized/python_20251125_131136_6f06ad3bcc4a25cd.py,2,from,ghostlink_lattice,import,"GhostLinkLattice,","ComponentType,"
/Users/ghostlink/Organized/Projects/ghostlink-wiki-organized/python_20251125_140223_23598566e7630dcd.py,2,class,GhostLinkClient:,"""""""HTTP",client,for
/Users/ghostlink/Organized/Projects/ghostlink-wiki-organized/python_20251125_135204_23598566e7630dcd_1.py,2,class,GhostLinkClient:,"""""""HTTP",client,for
/Users/ghostlink/Organized/Projects/ghostlink-wiki-organized/python_20251125_133559_23598566e7630dcd_1.py,2,class,GhostLinkClient:,"""""""HTTP",client,for
/Users/ghostlink/Organized/Projects/ghostlink-wiki-organized/python_20251125_141307_23598566e7630dcd_1.py,2,class,GhostLinkClient:,"""""""HTTP",client,for
/Users/ghostlink/Organized/Projects/ghostlink-wiki-organized/python_20251125_131346_6f06ad3bcc4a25cd_1.py,2,from,ghostlink_lattice,import,"GhostLinkLattice,","ComponentType,"
/Users/ghostlink/Organized/Projects/ghostlink-wiki-organized/python_20251125_141037_23598566e7630dcd.py,2,class,GhostLinkClient:,"""""""HTTP",client,for
/Users/ghostlink/Organized/Projects/darwin_kernel_integration.py/darwin_kernel_integration.py,2,Darwin,Kernel,Integration,GhostLink,"print(""GhostLink"
/Users/ghostlink/Organized/Docs/ZERO_ISSUES_VERIFICATION.md/ZERO_ISSUES_VERIFICATION.md,2,The,GhostLink,ecosystem,uses,a
/Users/ghostlink/Organized/Docs/Downloads/COMPLETION_CERTIFICATE.md,2,GhostLink,Protocol,###,About,The
/Users/ghostlink/Organized/Docs/Downloads/FINAL_SUMMARY.md,2,GhostLink,**Objective:**,Build,comprehensive,wiki
/Users/ghostlink/Organized/Docs/Downloads/ULTIMATE_SUMMARY.md,2,GhostLink,**Complete,Wiki,Build,-
/Users/ghostlink/Organized/Docs/Downloads/COMPREHENSIVE_REVIEW.md,2,-,GhostLink,Python,client,(91
/Users/ghostlink/ghostlink-wiki-organized/database/capabilities.json,1,"""description"":","""Core",GhostLink,quantum,coherence
/Users/ghostlink/ghostlink-wiki-organized/documentation/AUTO_TROUBLESHOOTING_SETUP_COMPLETE.md,1,Automatic,troubleshooting,is,now,**fully
/Users/ghostlink/ghostlink-wiki-organized/documentation/AUTO_GIT.md,1,GhostLink,now,includes,**automatic,git
/Users/ghostlink/ghostlink-wiki-organized/documentation/LINTING.md,1,GhostLink,includes,comprehensive,linting,and
/Users/ghostlink/ghostlink-wiki-organized/documentation/GHOSTLINK_FINAL.md,1,#,GhostLink,—,Final,Form
/Users/ghostlink/ghostlink-wiki-organized/documentation/INSTALL.md,1,#,GhostLink,—,Full,Suite
/Users/ghostlink/ghostlink-wiki-organized/documentation/AUTO_TROUBLESHOOTING.md,1,GhostLink,now,includes,**automatic,troubleshooting**
/Users/ghostlink/ghostlink-wiki-organized/documentation/HARDWARE_BINDING.md,1,GhostLink,supports,**direct,hardware,binding**
/Users/ghostlink/ghostlink-wiki-organized/documentation/MAINTENANCE_REPORT.md,1,#,GhostLink,Repository,Maintenance,Report
/Users/ghostlink/ghostlink-wiki-organized/documentation/ghostlink_anomaly_readme.md,1,#,GhostLink,—,Anomaly-Structured,Harness
/Users/ghostlink/ghostlink-wiki-organized/unified-dashboard/index.html,1,<title>GhostLink,Unified,Dashboard</title>,,
/Users/ghostlink/ghostlink-wiki-organized/unified-dashboard/dist/index.html,1,<title>GhostLink,Unified,Dashboard</title>,,
/Users/ghostlink/ghostlink-wiki-organized/unified-dashboard/node_modules/@babel/helper-globals/data/browser-upper.json,1,"""WakeLockSentinel"",",,,,
/Users/ghostlink/ghostlink-wiki-organized/testing/__init__.py,1,#,Tests,package,for,GhostLink
/Users/ghostlink/ghostlink-wiki-organized/implementation/config.py,1,"""""""Configuration",management,for,"GhostLink.""""""",
/Users/ghostlink/ghostlink-wiki-organized/implementation/audit.py,1,"""""""Audit",helpers,for,validating,GhostLink
/Users/ghostlink/ghostlink-wiki-organized/implementation/database.py,1,"""""""Database",manager,for,"GhostLink.""""""",
/Users/ghostlink/ghostlink-wiki-organized/implementation/__init__.py,1,"""""""GhostLink",AI,"Ecosystem""""""",,
/Users/ghostlink/ghostlink-wiki-organized/implementation/auto_git.py,1,with,the,GhostLink,troubleshooting,system.
/Users/ghostlink/ghostlink-wiki-organized/implementation/link_agent.py,1,and,coordinate,GhostLink,operations.,
/Users/ghostlink/ghostlink-wiki-organized/implementation/hardware_utils.py,1,Hardware,Utilities,for,GhostLink,
/Users/ghostlink/ghostlink-wiki-organized/implementation/translator.py,1,"""""""GhostLink",Computation,Language,Translator,
/Users/ghostlink/ghostlink-wiki-organized/implementation/main.py,1,app,=,"FastAPI(title=""GhostLink"")",,
/Users/ghostlink/ghostlink-wiki-organized/implementation/ui/package.json,1,"""description"":","""Lattice",visualization,UI,for
/Users/ghostlink/ghostlink-wiki-organized/implementation/ui/node_modules/express/Readme.md,1,*,[dakshkhetan](https://github.com/dakshkhetan),-,**Daksh,Khetan**
/Users/ghostlink/ghostlink-wiki-organized/implementation/ui/src/index.html,1,<title>GhostLink,Lattice</title>,,,
/Users/ghostlink/ghostlink-wiki-organized/implementation/obd/__init__.py,1,"""""""GhostLink",OBD-II,Interface,-,Substrate
/Users/ghostlink/ghostlink-wiki-organized/implementation/tools/README.md,1,#,GhostLink,Tools,,
/Users/ghostlink/ghostlink-wiki-organized/implementation/net/fiber_network.py,1,"""""""Internal",Fiber,Communication,Network,for
/Users/ghostlink/ghostlink-wiki-organized/implementation/core/autogen.py,1,"""""""AutoGen-like",Multi-Agent,Framework,for,GhostLink
/Users/ghostlink/ghostlink-wiki-organized/implementation/core/autonomous_agents.py,1,"""""""Autonomous",Agents,for,GhostLink,-
/Users/ghostlink/ghostlink-wiki-organized/implementation/core/governance/__init__.py,1,GhostLink,Governance,Engine,,
/Users/ghostlink/ghostlink-wiki-organized/implementation/core/governance/types.py,1,GhostLink,Governance,Engine,-,Trust
/Users/ghostlink/ghostlink-wiki-organized/implementation/core/probe_system/__init__.py,1,GhostLink,Probe,System,,
/Users/ghostlink/ghostlink-wiki-organized/implementation/core/probe_system/types.py,1,GhostLink,Probe,System,-,Core
/Users/ghostlink/ghostlink-wiki-organized/implementation/runtime/ghostlink.py,1,parser,=,"argparse.ArgumentParser(description=""Inspect",the,GhostLink
/Users/ghostlink/ghostlink-wiki-organized/implementation/utils/__init__.py,1,"""""""GhostLink","Utilities""""""",,,
/Users/ghostlink/ghostlink-wiki-organized/implementation/docs/term_index.md,1,GhostLink,documentation,placeholder.,,
/Users/ghostlink/ghostlink-wiki-organized/implementation/docs/fracture_theory.md,1,GhostLink,documentation,placeholder.,,
/Users/ghostlink/ghostlink-wiki-organized/implementation/docs/symbolic_map.md,1,GhostLink,documentation,placeholder.,,
/Users/ghostlink/ghostlink-wiki-organized/implementation/docs/pressure_manifest.md,1,GhostLink,documentation,placeholder.,,
/Users/ghostlink/ghostlink-wiki-organized/implementation/docs/recursive_structure.md,1,GhostLink,documentation,placeholder.,,
/Users/ghostlink/ghostlink-wiki-organized/implementation/docs/README.md,1,#,GhostLink,Documentation,,
/Users/ghostlink/ghostlink-wiki-organized/implementation/docs/kernel_overview.md,1,#,GhostLink,MAX,Kernel,Overview
/Users/ghostlink/ghostlink-wiki-organized/implementation/chains/README.md,1,#,GhostLink,Pipeline,Artifacts,
/Users/ghostlink/ghostlink-wiki-organized/implementation/opcode/README.md,1,#,GhostLink,Opcode,Artifacts,
/Users/ghostlink/ghostlink-wiki-organized/implementation/interfaces/__init__.py,1,"""""""GhostLink",User,"Interfaces""""""",,
/Users/ghostlink/Organized/Projects/ghostlink-wiki-organized/python_20251125_141000_1d75d761dc36dfa1_1.py,1,Agent,62,(Lumara),handles,compression
/Users/ghostlink/Organized/Projects/ghostlink-wiki-organized/python_20251125_132838_1a3ac5e2bb7b5b4c.py,1,"context={""project"":","""GhostLink""}",,,
/Users/ghostlink/Organized/Projects/ghostlink-wiki-organized/python_20251125_135119_3aa305b881bffdd3_1.py,1,"title=""GhostLink",Protocol,"API"",",,
/Users/ghostlink/Organized/Projects/ghostlink-wiki-organized/python_20251125_133233_1a3ac5e2bb7b5b4c.py,1,"context={""project"":","""GhostLink""}",,,
/Users/ghostlink/Organized/Projects/ghostlink-wiki-organized/python_20251125_140239_f0b772950d75bcc8.py,1,-,Example:,`class,GhostLink`,
/Users/ghostlink/Organized/Projects/ghostlink-wiki-organized/python_20251125_141307_aeeae7f93421f160.py,1,"system=""You",coordinate,GhostLink,autonomous,"operations."""
/Users/ghostlink/Organized/Projects/ghostlink-wiki-organized/python_20251125_135307_f0b772950d75bcc8.py,1,-,Example:,`class,GhostLink`,
/Users/ghostlink/Organized/Projects/ghostlink-wiki-organized/python_20251125_140206_13f363baafb38a5a_1.py,1,"system=""You",are,GhostLink,internal,communication
/Users/ghostlink/Organized/Projects/ghostlink-wiki-organized/python_20251125_133137_13f363baafb38a5a.py,1,"system=""You",are,GhostLink,internal,communication
/Users/ghostlink/Organized/Projects/ghostlink-wiki-organized/python_20251125_135819_1a3ac5e2bb7b5b4c_1.py,1,"context={""project"":","""GhostLink""}",,,
/Users/ghostlink/Organized/Projects/ghostlink-wiki-organized/python_20251125_140934_aeeae7f93421f160_1.py,1,"system=""You",coordinate,GhostLink,autonomous,"operations."""
/Users/ghostlink/Organized/Projects/ghostlink-wiki-organized/python_20251125_135205_13db2e9ebfc1be83_1.py,1,"""project"":","""GhostLink""",,,
/Users/ghostlink/Organized/Projects/ghostlink-wiki-organized/python_20251125_132849_3aa305b881bffdd3_1.py,1,"title=""GhostLink",Protocol,"API"",",,
/Users/ghostlink/Organized/Projects/ghostlink-wiki-organized/python_20251125_131301_f0b772950d75bcc8.py,1,-,Example:,`class,GhostLink`,
/Users/ghostlink/Organized/Projects/ghostlink-wiki-organized/python_20251125_132428_aeeae7f93421f160_1.py,1,"system=""You",coordinate,GhostLink,autonomous,"operations."""
/Users/ghostlink/Organized/Projects/ghostlink-wiki-organized/python_20251125_135119_3aa305b881bffdd3.py,1,"title=""GhostLink",Protocol,"API"",",,
/Users/ghostlink/Organized/Projects/ghostlink-wiki-organized/python_20251125_141306_fb80cefea86a9d59.py,1,#,Agent,62,(Lumara),handles
/Users/ghostlink/Organized/Projects/ghostlink-wiki-organized/python_20251125_132429_1a3ac5e2bb7b5b4c.py,1,"context={""project"":","""GhostLink""}",,,
/Users/ghostlink/Organized/Projects/ghostlink-wiki-organized/python_20251125_132839_1d75d761dc36dfa1.py,1,Agent,62,(Lumara),handles,compression
/Users/ghostlink/Organized/Projects/ghostlink-wiki-organized/python_20251125_132429_f0b772950d75bcc8_1.py,1,-,Example:,`class,GhostLink`,
/Users/ghostlink/Organized/Projects/ghostlink-wiki-organized/python_20251125_133137_3b0a96c1697f0d88.py,1,lattice,=,GhostLinkLattice(),,
/Users/ghostlink/Organized/Projects/ghostlink-wiki-organized/python_20251125_131136_13f363baafb38a5a_1.py,1,"system=""You",are,GhostLink,internal,communication
/Users/ghostlink/Organized/Projects/ghostlink-wiki-organized/python_20251125_131136_aeeae7f93421f160_1.py,1,"system=""You",coordinate,GhostLink,autonomous,"operations."""
/Users/ghostlink/Organized/Projects/ghostlink-wiki-organized/python_20251125_132912_aeeae7f93421f160.py,1,"system=""You",coordinate,GhostLink,autonomous,"operations."""
/Users/ghostlink/Organized/Projects/ghostlink-wiki-organized/python_20251125_132849_3b0a96c1697f0d88.py,1,lattice,=,GhostLinkLattice(),,
/Users/ghostlink/Organized/Projects/ghostlink-wiki-organized/python_20251125_131353_1a3ac5e2bb7b5b4c.py,1,"context={""project"":","""GhostLink""}",,,
/Users/ghostlink/Organized/Projects/ghostlink-wiki-organized/python_20251125_132428_13f363baafb38a5a_1.py,1,"system=""You",are,GhostLink,internal,communication
/Users/ghostlink/Organized/Projects/ghostlink-wiki-organized/python_20251125_141306_fb80cefea86a9d59_1.py,1,#,Agent,62,(Lumara),handles
/Users/ghostlink/Organized/Projects/ghostlink-wiki-organized/python_20251125_135819_13db2e9ebfc1be83.py,1,"""project"":","""GhostLink""",,,
/Users/ghostlink/Organized/Projects/ghostlink-wiki-organized/python_20251125_140206_13f363baafb38a5a.py,1,"system=""You",are,GhostLink,internal,communication
/Users/ghostlink/Organized/Projects/ghostlink-wiki-organized/python_20251125_141430_13db2e9ebfc1be83_1.py,1,"""project"":","""GhostLink""",,,
/Users/ghostlink/Organized/Projects/ghostlink-wiki-organized/python_20251125_131346_3b0a96c1697f0d88_1.py,1,lattice,=,GhostLinkLattice(),,
/Users/ghostlink/Organized/Projects/ghostlink-wiki-organized/python_20251125_135118_1d75d761dc36dfa1.py,1,Agent,62,(Lumara),handles,compression
/Users/ghostlink/Organized/Projects/ghostlink-wiki-organized/python_20251125_140934_13f363baafb38a5a_1.py,1,"system=""You",are,GhostLink,internal,communication
/Users/ghostlink/Organized/Projects/ghostlink-wiki-organized/python_20251125_133136_fb80cefea86a9d59_1.py,1,#,Agent,62,(Lumara),handles
/Users/ghostlink/Organized/Projects/ghostlink-wiki-organized/python_20251125_133233_1a3ac5e2bb7b5b4c_1.py,1,"context={""project"":","""GhostLink""}",,,
/Users/ghostlink/Organized/Projects/ghostlink-wiki-organized/python_20251125_135205_13db2e9ebfc1be83.py,1,"""project"":","""GhostLink""",,,
/Users/ghostlink/Organized/Projects/ghostlink-wiki-organized/python_20251125_140206_aeeae7f93421f160_1.py,1,"system=""You",coordinate,GhostLink,autonomous,"operations."""
/Users/ghostlink/Organized/Projects/ghostlink-wiki-organized/python_20251125_135307_1d75d761dc36dfa1.py,1,Agent,62,(Lumara),handles,compression
/Users/ghostlink/Organized/Projects/ghostlink-wiki-organized/python_20251125_140851_3b0a96c1697f0d88.py,1,lattice,=,GhostLinkLattice(),,
/Users/ghostlink/Organized/Projects/ghostlink-wiki-organized/python_20251125_131353_1a3ac5e2bb7b5b4c_1.py,1,"context={""project"":","""GhostLink""}",,,
/Users/ghostlink/Organized/Projects/ghostlink-wiki-organized/python_20251125_132429_f0b772950d75bcc8.py,1,-,Example:,`class,GhostLink`,
/Users/ghostlink/Organized/Projects/ghostlink-wiki-organized/python_20251125_141036_3aa305b881bffdd3.py,1,"title=""GhostLink",Protocol,"API"",",,
/Users/ghostlink/Organized/Projects/ghostlink-wiki-organized/python_20251125_140206_3b0a96c1697f0d88.py,1,lattice,=,GhostLinkLattice(),,
/Users/ghostlink/Organized/Projects/ghostlink-wiki-organized/python_20251125_141036_3aa305b881bffdd3_1.py,1,"title=""GhostLink",Protocol,"API"",",,
/Users/ghostlink/Organized/Projects/ghostlink-wiki-organized/python_20251125_132849_3b0a96c1697f0d88_1.py,1,lattice,=,GhostLinkLattice(),,
/Users/ghostlink/Organized/Projects/ghostlink-wiki-organized/python_20251125_132428_aeeae7f93421f160.py,1,"system=""You",coordinate,GhostLink,autonomous,"operations."""
/Users/ghostlink/Organized/Projects/ghostlink-wiki-organized/python_20251125_135308_1a3ac5e2bb7b5b4c.py,1,"context={""project"":","""GhostLink""}",,,
/Users/ghostlink/Organized/Projects/ghostlink-wiki-organized/python_20251125_135307_aeeae7f93421f160_1.py,1,"system=""You",coordinate,GhostLink,autonomous,"operations."""
/Users/ghostlink/Organized/Projects/ghostlink-wiki-organized/python_20251125_140318_aeeae7f93421f160.py,1,"system=""You",coordinate,GhostLink,autonomous,"operations."""
/Users/ghostlink/Organized/Projects/ghostlink-wiki-organized/python_20251125_132849_0168903f74c2b12f.py,1,PROJECT_NAME:,str,=,"""GhostLink","Protocol"""
/Users/ghostlink/Organized/Projects/ghostlink-wiki-organized/python_20251125_140657_f0b772950d75bcc8_1.py,1,-,Example:,`class,GhostLink`,
/Users/ghostlink/Organized/Projects/ghostlink-wiki-organized/python_20251125_131136_13f363baafb38a5a.py,1,"system=""You",are,GhostLink,internal,communication
/Users/ghostlink/Organized/Projects/ghostlink-wiki-organized/python_20251125_135119_3b0a96c1697f0d88_1.py,1,lattice,=,GhostLinkLattice(),,
/Users/ghostlink/Organized/Projects/ghostlink-wiki-organized/python_20251125_141307_13f363baafb38a5a_1.py,1,"system=""You",are,GhostLink,internal,communication
/Users/ghostlink/Organized/Projects/ghostlink-wiki-organized/python_20251125_132429_3b0a96c1697f0d88_1.py,1,lattice,=,GhostLinkLattice(),,
/Users/ghostlink/Organized/Projects/ghostlink-wiki-organized/python_20251125_131434_aeeae7f93421f160.py,1,"system=""You",coordinate,GhostLink,autonomous,"operations."""
/Users/ghostlink/Organized/Projects/ghostlink-wiki-organized/python_20251125_135119_fb80cefea86a9d59_1.py,1,#,Agent,62,(Lumara),handles
/Users/ghostlink/Organized/Projects/ghostlink-wiki-organized/python_20251125_131137_3b0a96c1697f0d88.py,1,lattice,=,GhostLinkLattice(),,
/Users/ghostlink/Organized/Projects/ghostlink-wiki-organized/python_20251125_141037_fb80cefea86a9d59.py,1,#,Agent,62,(Lumara),handles
/Users/ghostlink/Organized/Projects/ghostlink-wiki-organized/python_20251125_133137_13f363baafb38a5a_1.py,1,"system=""You",are,GhostLink,internal,communication
/Users/ghostlink/Organized/Projects/ghostlink-wiki-organized/python_20251125_140229_13db2e9ebfc1be83_1.py,1,"""project"":","""GhostLink""",,,
/Users/ghostlink/Organized/Projects/ghostlink-wiki-organized/python_20251125_131506_f0b772950d75bcc8.py,1,-,Example:,`class,GhostLink`,
/Users/ghostlink/Organized/Projects/ghostlink-wiki-organized/python_20251125_132429_13db2e9ebfc1be83_1.py,1,"""project"":","""GhostLink""",,,
/Users/ghostlink/Organized/Projects/ghostlink-wiki-organized/python_20251125_132849_fb80cefea86a9d59_1.py,1,#,Agent,62,(Lumara),handles
/Users/ghostlink/Organized/Projects/ghostlink-wiki-organized/python_20251125_141200_1a3ac5e2bb7b5b4c_1.py,1,"context={""project"":","""GhostLink""}",,,
/Users/ghostlink/Organized/Projects/ghostlink-wiki-organized/python_20251125_140850_1d75d761dc36dfa1_1.py,1,Agent,62,(Lumara),handles,compression
/Users/ghostlink/Organized/Projects/ghostlink-wiki-organized/python_20251125_140239_f0b772950d75bcc8_1.py,1,-,Example:,`class,GhostLink`,
/Users/ghostlink/Organized/Projects/ghostlink-wiki-organized/python_20251125_135308_13db2e9ebfc1be83_1.py,1,"""project"":","""GhostLink""",,,
/Users/ghostlink/Organized/Projects/ghostlink-wiki-organized/python_20251125_133136_3aa305b881bffdd3_1.py,1,"title=""GhostLink",Protocol,"API"",",,
/Users/ghostlink/Organized/Projects/ghostlink-wiki-organized/python_20251125_131137_3b0a96c1697f0d88_1.py,1,lattice,=,GhostLinkLattice(),,
/Users/ghostlink/Organized/Projects/ghostlink-wiki-organized/python_20251125_135119_aeeae7f93421f160.py,1,"system=""You",coordinate,GhostLink,autonomous,"operations."""
/Users/ghostlink/Organized/Projects/ghostlink-wiki-organized/python_20251125_132838_1a3ac5e2bb7b5b4c_1.py,1,"context={""project"":","""GhostLink""}",,,
/Users/ghostlink/Organized/Projects/ghostlink-wiki-organized/python_20251125_140223_3b0a96c1697f0d88_1.py,1,lattice,=,GhostLinkLattice(),,
/Users/ghostlink/Organized/Projects/ghostlink-wiki-organized/python_20251125_133137_aeeae7f93421f160_1.py,1,"system=""You",coordinate,GhostLink,autonomous,"operations."""
/Users/ghostlink/Organized/Projects/ghostlink-wiki-organized/python_20251125_132839_1d75d761dc36dfa1_1.py,1,Agent,62,(Lumara),handles,compression
/Users/ghostlink/Organized/Projects/ghostlink-wiki-organized/python_20251125_141200_13db2e9ebfc1be83.py,1,"""project"":","""GhostLink""",,,
/Users/ghostlink/Organized/Projects/ghostlink-wiki-organized/python_20251125_135308_3b0a96c1697f0d88_1.py,1,lattice,=,GhostLinkLattice(),,
/Users/ghostlink/Organized/Projects/ghostlink-wiki-organized/python_20251125_140934_13f363baafb38a5a.py,1,"system=""You",are,GhostLink,internal,communication
/Users/ghostlink/Organized/Projects/ghostlink-wiki-organized/python_20251125_140229_1a3ac5e2bb7b5b4c.py,1,"context={""project"":","""GhostLink""}",,,
/Users/ghostlink/Organized/Projects/ghostlink-wiki-organized/python_20251125_141430_1a3ac5e2bb7b5b4c.py,1,"context={""project"":","""GhostLink""}",,,
/Users/ghostlink/Organized/Projects/ghostlink-wiki-organized/python_20251125_135119_fb80cefea86a9d59.py,1,#,Agent,62,(Lumara),handles
/Users/ghostlink/Organized/Projects/ghostlink-wiki-organized/python_20251125_141307_aeeae7f93421f160_1.py,1,"system=""You",coordinate,GhostLink,autonomous,"operations."""
/Users/ghostlink/Organized/Projects/ghostlink-wiki-organized/python_20251125_141307_f0b772950d75bcc8.py,1,-,Example:,`class,GhostLink`,
/Users/ghostlink/Organized/Projects/ghostlink-wiki-organized/python_20251125_133136_0168903f74c2b12f.py,1,PROJECT_NAME:,str,=,"""GhostLink","Protocol"""
/Users/ghostlink/Organized/Projects/ghostlink-wiki-organized/python_20251125_135307_aeeae7f93421f160.py,1,"system=""You",coordinate,GhostLink,autonomous,"operations."""
/Users/ghostlink/Organized/Projects/ghostlink-wiki-organized/python_20251125_135307_13f363baafb38a5a_1.py,1,"system=""You",are,GhostLink,internal,communication
/Users/ghostlink/Organized/Projects/ghostlink-wiki-organized/python_20251125_141306_3aa305b881bffdd3_1.py,1,"title=""GhostLink",Protocol,"API"",",,
/Users/ghostlink/Organized/Projects/ghostlink-wiki-organized/python_20251125_135818_f0b772950d75bcc8_1.py,1,-,Example:,`class,GhostLink`,
/Users/ghostlink/Organized/Projects/ghostlink-wiki-organized/python_20251125_141306_3aa305b881bffdd3.py,1,"title=""GhostLink",Protocol,"API"",",,
/Users/ghostlink/Organized/Projects/ghostlink-wiki-organized/python_20251125_135204_f0b772950d75bcc8.py,1,-,Example:,`class,GhostLink`,
/Users/ghostlink/Organized/Projects/ghostlink-wiki-organized/python_20251125_131136_aeeae7f93421f160.py,1,"system=""You",coordinate,GhostLink,autonomous,"operations."""
/Users/ghostlink/Organized/Projects/ghostlink-wiki-organized/python_20251125_132429_13db2e9ebfc1be83.py,1,"""project"":","""GhostLink""",,,
/Users/ghostlink/Organized/Projects/ghostlink-wiki-organized/python_20251125_141305_3b0a96c1697f0d88_1.py,1,lattice,=,GhostLinkLattice(),,
/Users/ghostlink/Organized/Projects/ghostlink-wiki-organized/python_20251125_140318_13f363baafb38a5a.py,1,"system=""You",are,GhostLink,internal,communication
/Users/ghostlink/Organized/Projects/ghostlink-wiki-organized/python_20251125_132428_13f363baafb38a5a.py,1,"system=""You",are,GhostLink,internal,communication
/Users/ghostlink/Organized/Projects/ghostlink-wiki-organized/python_20251125_132849_3aa305b881bffdd3.py,1,"title=""GhostLink",Protocol,"API"",",,
/Users/ghostlink/Organized/Projects/ghostlink-wiki-organized/python_20251125_141430_1a3ac5e2bb7b5b4c_1.py,1,"context={""project"":","""GhostLink""}",,,
/Users/ghostlink/Organized/Projects/ghostlink-wiki-organized/python_20251125_132429_3b0a96c1697f0d88.py,1,lattice,=,GhostLinkLattice(),,
/Users/ghostlink/Organized/Projects/ghostlink-wiki-organized/python_20251125_133233_13db2e9ebfc1be83_1.py,1,"""project"":","""GhostLink""",,,
/Users/ghostlink/Organized/Projects/ghostlink-wiki-organized/python_20251125_141158_3b0a96c1697f0d88.py,1,lattice,=,GhostLinkLattice(),,
/Users/ghostlink/Organized/Projects/ghostlink-wiki-organized/python_20251125_140934_f0b772950d75bcc8_1.py,1,-,Example:,`class,GhostLink`,
/Users/ghostlink/Organized/Projects/ghostlink-wiki-organized/python_20251125_135119_aeeae7f93421f160_1.py,1,"system=""You",coordinate,GhostLink,autonomous,"operations."""
/Users/ghostlink/Organized/Projects/ghostlink-wiki-organized/python_20251125_133233_13db2e9ebfc1be83.py,1,"""project"":","""GhostLink""",,,
/Users/ghostlink/Organized/Projects/ghostlink-wiki-organized/python_20251125_140318_aeeae7f93421f160_1.py,1,"system=""You",coordinate,GhostLink,autonomous,"operations."""
/Users/ghostlink/Organized/Projects/ghostlink-wiki-organized/python_20251125_131434_13f363baafb38a5a.py,1,"system=""You",are,GhostLink,internal,communication
/Users/ghostlink/Organized/Projects/ghostlink-wiki-organized/python_20251125_131353_13db2e9ebfc1be83_1.py,1,"""project"":","""GhostLink""",,,
/Users/ghostlink/Organized/Projects/ghostlink-wiki-organized/python_20251125_132838_13db2e9ebfc1be83.py,1,"""project"":","""GhostLink""",,,
/Users/ghostlink/Organized/Projects/ghostlink-wiki-organized/python_20251125_131434_aeeae7f93421f160_1.py,1,"system=""You",coordinate,GhostLink,autonomous,"operations."""
/Users/ghostlink/Organized/Projects/ghostlink-wiki-organized/python_20251125_135818_f0b772950d75bcc8.py,1,-,Example:,`class,GhostLink`,
/Users/ghostlink/Organized/Projects/ghostlink-wiki-organized/python_20251125_140934_aeeae7f93421f160.py,1,"system=""You",coordinate,GhostLink,autonomous,"operations."""
/Users/ghostlink/Organized/Projects/ghostlink-wiki-organized/python_20251125_131434_13f363baafb38a5a_1.py,1,"system=""You",are,GhostLink,internal,communication
/Users/ghostlink/Organized/Projects/ghostlink-wiki-organized/python_20251125_141306_0168903f74c2b12f_1.py,1,PROJECT_NAME:,str,=,"""GhostLink","Protocol"""
/Users/ghostlink/Organized/Projects/ghostlink-wiki-organized/python_20251125_135119_13f363baafb38a5a_1.py,1,"system=""You",are,GhostLink,internal,communication
/Users/ghostlink/Organized/Projects/ghostlink-wiki-organized/python_20251125_140318_13f363baafb38a5a_1.py,1,"system=""You",are,GhostLink,internal,communication
/Users/ghostlink/Organized/Projects/ghostlink-wiki-organized/python_20251125_131506_f0b772950d75bcc8_1.py,1,-,Example:,`class,GhostLink`,
/Users/ghostlink/Organized/Projects/ghostlink-wiki-organized/python_20251125_135119_13f363baafb38a5a.py,1,"system=""You",are,GhostLink,internal,communication
/Users/ghostlink/Organized/Projects/ghostlink-wiki-organized/python_20251125_135307_1d75d761dc36dfa1_1.py,1,Agent,62,(Lumara),handles,compression
/Users/ghostlink/Organized/Projects/ghostlink-wiki-organized/python_20251125_135205_1a3ac5e2bb7b5b4c.py,1,"context={""project"":","""GhostLink""}",,,
/Users/ghostlink/Organized/Projects/ghostlink-wiki-organized/python_20251125_140850_1d75d761dc36dfa1.py,1,Agent,62,(Lumara),handles,compression
/Users/ghostlink/Organized/Projects/ghostlink-wiki-organized/python_20251125_131301_f0b772950d75bcc8_1.py,1,-,Example:,`class,GhostLink`,
/Users/ghostlink/Organized/Projects/ghostlink-wiki-organized/python_20251125_135819_13db2e9ebfc1be83_1.py,1,"""project"":","""GhostLink""",,,
/Users/ghostlink/Organized/Projects/ghostlink-wiki-organized/python_20251125_135205_1a3ac5e2bb7b5b4c_1.py,1,"context={""project"":","""GhostLink""}",,,
/Users/ghostlink/Organized/Projects/ghostlink-wiki-organized/python_20251125_133137_f0b772950d75bcc8.py,1,-,Example:,`class,GhostLink`,
/Users/ghostlink/Organized/Projects/ghostlink-wiki-organized/python_20251125_131353_13db2e9ebfc1be83.py,1,"""project"":","""GhostLink""",,,
/Users/ghostlink/Organized/Projects/ghostlink-wiki-organized/python_20251125_140223_3b0a96c1697f0d88.py,1,lattice,=,GhostLinkLattice(),,
/Users/ghostlink/Organized/Projects/ghostlink-wiki-organized/python_20251125_135819_1a3ac5e2bb7b5b4c.py,1,"context={""project"":","""GhostLink""}",,,
/Users/ghostlink/Organized/Projects/ghostlink-wiki-organized/python_20251125_135307_13f363baafb38a5a.py,1,"system=""You",are,GhostLink,internal,communication
/Users/ghostlink/Organized/Projects/ghostlink-wiki-organized/python_20251125_133137_3b0a96c1697f0d88_1.py,1,lattice,=,GhostLinkLattice(),,
/Users/ghostlink/Organized/Projects/ghostlink-wiki-organized/python_20251125_133136_0168903f74c2b12f_1.py,1,PROJECT_NAME:,str,=,"""GhostLink","Protocol"""
/Users/ghostlink/Organized/Projects/ghostlink-wiki-organized/python_20251125_141306_0168903f74c2b12f.py,1,PROJECT_NAME:,str,=,"""GhostLink","Protocol"""
/Users/ghostlink/Organized/Projects/ghostlink-wiki-organized/python_20251125_133136_3aa305b881bffdd3.py,1,"title=""GhostLink",Protocol,"API"",",,
/Users/ghostlink/Organized/Projects/ghostlink-wiki-organized/python_20251125_135119_3b0a96c1697f0d88.py,1,lattice,=,GhostLinkLattice(),,
/Users/ghostlink/Organized/Projects/ghostlink-wiki-organized/python_20251125_135308_1a3ac5e2bb7b5b4c_1.py,1,"context={""project"":","""GhostLink""}",,,
/Users/ghostlink/Organized/Projects/ghostlink-wiki-organized/python_20251125_133137_aeeae7f93421f160.py,1,"system=""You",coordinate,GhostLink,autonomous,"operations."""
/Users/ghostlink/Organized/Projects/ghostlink-wiki-organized/python_20251125_140657_f0b772950d75bcc8.py,1,-,Example:,`class,GhostLink`,
/Users/ghostlink/Organized/Projects/ghostlink-wiki-organized/python_20251125_141307_13f363baafb38a5a.py,1,"system=""You",are,GhostLink,internal,communication
/Users/ghostlink/Organized/Projects/ghostlink-wiki-organized/python_20251125_141305_3b0a96c1697f0d88.py,1,lattice,=,GhostLinkLattice(),,
/Users/ghostlink/Organized/Projects/ghostlink-wiki-organized/python_20251125_135308_3b0a96c1697f0d88.py,1,lattice,=,GhostLinkLattice(),,
/Users/ghostlink/Organized/Projects/ghostlink-wiki-organized/python_20251125_140851_3b0a96c1697f0d88_1.py,1,lattice,=,GhostLinkLattice(),,
/Users/ghostlink/Organized/Projects/ghostlink-wiki-organized/python_20251125_132838_13db2e9ebfc1be83_1.py,1,"""project"":","""GhostLink""",,,
/Users/ghostlink/Organized/Projects/ghostlink-wiki-organized/python_20251125_141000_1d75d761dc36dfa1.py,1,Agent,62,(Lumara),handles,compression
/Users/ghostlink/Organized/Projects/ghostlink-wiki-organized/python_20251125_141158_3b0a96c1697f0d88_1.py,1,lattice,=,GhostLinkLattice(),,
/Users/ghostlink/Organized/Projects/ghostlink-wiki-organized/python_20251125_131346_3b0a96c1697f0d88.py,1,lattice,=,GhostLinkLattice(),,
/Users/ghostlink/Organized/Projects/ghostlink-wiki-organized/python_20251125_140934_f0b772950d75bcc8.py,1,-,Example:,`class,GhostLink`,
/Users/ghostlink/Organized/Projects/ghostlink-wiki-organized/python_20251125_135119_0168903f74c2b12f.py,1,PROJECT_NAME:,str,=,"""GhostLink","Protocol"""
/Users/ghostlink/Organized/Projects/ghostlink-wiki-organized/python_20251125_132849_0168903f74c2b12f_1.py,1,PROJECT_NAME:,str,=,"""GhostLink","Protocol"""
/Users/ghostlink/Organized/Projects/ghostlink-wiki-organized/python_20251125_133136_fb80cefea86a9d59.py,1,#,Agent,62,(Lumara),handles
/Users/ghostlink/Organized/Projects/ghostlink-wiki-organized/python_20251125_135119_0168903f74c2b12f_1.py,1,PROJECT_NAME:,str,=,"""GhostLink","Protocol"""
/Users/ghostlink/Organized/Projects/ghostlink-wiki-organized/python_20251125_135204_f0b772950d75bcc8_1.py,1,-,Example:,`class,GhostLink`,
/Users/ghostlink/Organized/Projects/ghostlink-wiki-organized/python_20251125_135307_f0b772950d75bcc8_1.py,1,-,Example:,`class,GhostLink`,
/Users/ghostlink/Organized/Projects/ghostlink-wiki-organized/python_20251125_132912_aeeae7f93421f160_1.py,1,"system=""You",coordinate,GhostLink,autonomous,"operations."""
/Users/ghostlink/Organized/Projects/ghostlink-wiki-organized/python_20251125_135308_13db2e9ebfc1be83.py,1,"""project"":","""GhostLink""",,,
/Users/ghostlink/Organized/Projects/ghostlink-wiki-organized/python_20251125_132912_13f363baafb38a5a_1.py,1,"system=""You",are,GhostLink,internal,communication
/Users/ghostlink/Organized/Projects/ghostlink-wiki-organized/python_20251125_135118_1d75d761dc36dfa1_1.py,1,Agent,62,(Lumara),handles,compression
/Users/ghostlink/Organized/Projects/ghostlink-wiki-organized/python_20251125_140206_aeeae7f93421f160.py,1,"system=""You",coordinate,GhostLink,autonomous,"operations."""
/Users/ghostlink/Organized/Projects/ghostlink-wiki-organized/python_20251125_140206_3b0a96c1697f0d88_1.py,1,lattice,=,GhostLinkLattice(),,
/Users/ghostlink/Organized/Projects/ghostlink-wiki-organized/python_20251125_141036_0168903f74c2b12f_1.py,1,PROJECT_NAME:,str,=,"""GhostLink","Protocol"""
/Users/ghostlink/Organized/Projects/ghostlink-wiki-organized/python_20251125_132912_13f363baafb38a5a.py,1,"system=""You",are,GhostLink,internal,communication
/Users/ghostlink/Organized/Projects/ghostlink-wiki-organized/python_20251125_141307_f0b772950d75bcc8_1.py,1,-,Example:,`class,GhostLink`,
/Users/ghostlink/Organized/Projects/ghostlink-wiki-organized/python_20251125_132849_fb80cefea86a9d59.py,1,#,Agent,62,(Lumara),handles
/Users/ghostlink/Organized/Projects/ghostlink-wiki-organized/python_20251125_140229_13db2e9ebfc1be83.py,1,"""project"":","""GhostLink""",,,
/Users/ghostlink/Organized/Projects/ghostlink-wiki-organized/python_20251125_141430_13db2e9ebfc1be83.py,1,"""project"":","""GhostLink""",,,
/Users/ghostlink/Organized/Projects/ghostlink-wiki-organized/python_20251125_133137_f0b772950d75bcc8_1.py,1,-,Example:,`class,GhostLink`,
/Users/ghostlink/Organized/Projects/ghostlink-wiki-organized/python_20251125_141200_1a3ac5e2bb7b5b4c.py,1,"context={""project"":","""GhostLink""}",,,
/Users/ghostlink/Organized/Projects/ghostlink-wiki-organized/python_20251125_140229_1a3ac5e2bb7b5b4c_1.py,1,"context={""project"":","""GhostLink""}",,,
/Users/ghostlink/Organized/Projects/ghostlink-wiki-organized/python_20251125_141037_fb80cefea86a9d59_1.py,1,#,Agent,62,(Lumara),handles
/Users/ghostlink/Organized/Projects/ghostlink-wiki-organized/python_20251125_132429_1a3ac5e2bb7b5b4c_1.py,1,"context={""project"":","""GhostLink""}",,,
/Users/ghostlink/Organized/Projects/ghostlink-wiki-organized/python_20251125_141200_13db2e9ebfc1be83_1.py,1,"""project"":","""GhostLink""",,,
/Users/ghostlink/Organized/Projects/ghostlink-wiki-organized/python_20251125_141036_0168903f74c2b12f.py,1,PROJECT_NAME:,str,=,"""GhostLink","Protocol"""
/Users/ghostlink/Organized/Projects/ghostlink_watchdog.py/ghostlink_watchdog.py,1,Simple,watchdog,to,monitor,GhostLink
/Users/ghostlink/Organized/Projects/gpu_test.py/gpu_test.py,1,GhostLink,GPU,Test,Script,
/Users/ghostlink/Organized/Projects/web_crawler.py/web_crawler.py,1,a,"""""""Simple",web,crawler,that
/Users/ghostlink/Organized/Docs/ghostlink-wiki-organized/txt_20251125_133137_ab9507f1514999fc_1.txt,1,I've,shared,my,GhostLink,Python
/Users/ghostlink/Organized/Docs/ghostlink-wiki-organized/txt_20251125_140239_36f9250dc28846dd.txt,1,All,Python,modules,from,"GhostLink,"
/Users/ghostlink/Organized/Docs/ghostlink-wiki-organized/txt_20251125_141321_1ee94de4557215c2.txt,1,"""Set",project_name,to,"GhostLink""",
/Users/ghostlink/Organized/Docs/ghostlink-wiki-organized/txt_20251125_140934_9e75ad0819d7d581.txt,1,Here's,my,complete,GhostLink,Python
/Users/ghostlink/Organized/Docs/ghostlink-wiki-organized/txt_20251125_135308_911222a0583008e5.txt,1,GhostLink,Components,,,
/Users/ghostlink/Organized/Docs/ghostlink-wiki-organized/javascript_20251125_135204_2f28eca875df1eee.txt,1,"console.error(""GhostLinkLabs",MCP,Server,"running"");",
/Users/ghostlink/Organized/Docs/ghostlink-wiki-organized/javascript_20251125_141037_2f28eca875df1eee_1.txt,1,"console.error(""GhostLinkLabs",MCP,Server,"running"");",
/Users/ghostlink/Organized/Docs/ghostlink-wiki-organized/txt_20251125_131506_9e75ad0819d7d581_1.txt,1,Here's,my,complete,GhostLink,Python
/Users/ghostlink/Organized/Docs/ghostlink-wiki-organized/txt_20251125_135204_846b3816dd448ff5.txt,1,class,GhostLink,,,
/Users/ghostlink/Organized/Docs/ghostlink-wiki-organized/txt_20251125_132529_593782e680bba173.txt,1,GhostLink,Components,,,
/Users/ghostlink/Organized/Docs/ghostlink-wiki-organized/txt_20251125_135204_36f9250dc28846dd_1.txt,1,All,Python,modules,from,"GhostLink,"
/Users/ghostlink/Organized/Docs/ghostlink-wiki-organized/txt_20251125_141305_feeb962722bddf0c.txt,1,║,GhostLink,Lattice,Network,
/Users/ghostlink/Organized/Docs/ghostlink-wiki-organized/txt_20251125_131335_3ec24120473eee77_1.txt,1,•,project_name:,GhostLink,,
/Users/ghostlink/Organized/Docs/ghostlink-wiki-organized/txt_20251125_131353_df5c44f273012d98.txt,1,@link,remember,that,project_name,is
/Users/ghostlink/Organized/Docs/ghostlink-wiki-organized/txt_20251125_141630_8cd8d783cdc38ea6.txt,1,@link,remember,that,this,project
/Users/ghostlink/Organized/Docs/ghostlink-wiki-organized/txt_20251125_132849_feeb962722bddf0c.txt,1,║,GhostLink,Lattice,Network,
/Users/ghostlink/Organized/Docs/ghostlink-wiki-organized/txt_20251125_133233_911222a0583008e5_1.txt,1,GhostLink,Components,,,
/Users/ghostlink/Organized/Docs/ghostlink-wiki-organized/txt_20251125_135205_9e75ad0819d7d581_1.txt,1,Here's,my,complete,GhostLink,Python
/Users/ghostlink/Organized/Docs/ghostlink-wiki-organized/powershell_20251125_141637_a64611e1ef2618e9_1.txt,1,#,Or,select,from,dropdown:
/Users/ghostlink/Organized/Docs/ghostlink-wiki-organized/txt_20251125_140223_feeb962722bddf0c.txt,1,║,GhostLink,Lattice,Network,
/Users/ghostlink/Organized/Docs/ghostlink-wiki-organized/powershell_20251125_140657_a64611e1ef2618e9_1.txt,1,#,Or,select,from,dropdown:
/Users/ghostlink/Organized/Docs/ghostlink-wiki-organized/powershell_20251125_135745_a64611e1ef2618e9.txt,1,#,Or,select,from,dropdown:
/Users/ghostlink/Organized/Docs/ghostlink-wiki-organized/txt_20251125_141307_846b3816dd448ff5.txt,1,class,GhostLink,,,
/Users/ghostlink/Organized/Docs/ghostlink-wiki-organized/txt_20251125_135746_ab9507f1514999fc.txt,1,I've,shared,my,GhostLink,Python
/Users/ghostlink/Organized/Docs/ghostlink-wiki-organized/txt_20251125_140239_ab9507f1514999fc_1.txt,1,I've,shared,my,GhostLink,Python
/Users/ghostlink/Organized/Docs/ghostlink-wiki-organized/txt_20251125_141158_feeb962722bddf0c_1.txt,1,║,GhostLink,Lattice,Network,
/Users/ghostlink/Organized/Docs/ghostlink-wiki-organized/txt_20251125_131506_546ba0b34eaebb61_1.txt,1,This,is,my,GhostLink,repository.
/Users/ghostlink/Organized/Docs/ghostlink-wiki-organized/javascript_20251125_141307_2f28eca875df1eee.txt,1,"console.error(""GhostLinkLabs",MCP,Server,"running"");",
/Users/ghostlink/Organized/Docs/ghostlink-wiki-organized/txt_20251125_130928_0b526c34c6d9855b_1.txt,1,Query,arrives,→,Route,to
/Users/ghostlink/Organized/Docs/ghostlink-wiki-organized/txt_20251125_140455_2e87c060ce30f843_1.txt,1,-,Core,modules,"(Ghost,","Lumara,"
/Users/ghostlink/Organized/Docs/ghostlink-wiki-organized/txt_20251125_140657_36f9250dc28846dd.txt,1,All,Python,modules,from,"GhostLink,"
/Users/ghostlink/Organized/Docs/ghostlink-wiki-organized/txt_20251125_140318_29d57fb165f29bbd.txt,1,│,GhostLink,Autonomous,System,
/Users/ghostlink/Organized/Docs/ghostlink-wiki-organized/txt_20251125_131346_feeb962722bddf0c.txt,1,║,GhostLink,Lattice,Network,
/Users/ghostlink/Organized/Docs/ghostlink-wiki-organized/txt_20251125_135745_f5b3c2aaff0da249.txt,1,│,├──,settings.json,#,Updated
/Users/ghostlink/Organized/Docs/ghostlink-wiki-organized/txt_20251125_135205_546ba0b34eaebb61_1.txt,1,This,is,my,GhostLink,repository.
/Users/ghostlink/Organized/Docs/ghostlink-wiki-organized/txt_20251125_132429_feeb962722bddf0c.txt,1,║,GhostLink,Lattice,Network,
/Users/ghostlink/Organized/Docs/ghostlink-wiki-organized/txt_20251125_135818_36f9250dc28846dd_1.txt,1,All,Python,modules,from,"GhostLink,"
/Users/ghostlink/Organized/Docs/ghostlink-wiki-organized/txt_20251125_141321_3ec24120473eee77.txt,1,•,project_name:,GhostLink,,
/Users/ghostlink/Organized/Docs/ghostlink-wiki-organized/txt_20251125_135819_df5c44f273012d98.txt,1,@link,remember,that,project_name,is
/Users/ghostlink/Organized/Docs/ghostlink-wiki-organized/txt_20251125_131506_ab9507f1514999fc.txt,1,I've,shared,my,GhostLink,Python
/Users/ghostlink/Organized/Docs/ghostlink-wiki-organized/txt_20251125_141321_1ee94de4557215c2_1.txt,1,"""Set",project_name,to,"GhostLink""",
/Users/ghostlink/Organized/Docs/ghostlink-wiki-organized/txt_20251125_135744_0b526c34c6d9855b_1.txt,1,Query,arrives,→,Route,to
/Users/ghostlink/Organized/Docs/ghostlink-wiki-organized/txt_20251125_135204_36f9250dc28846dd.txt,1,All,Python,modules,from,"GhostLink,"
/Users/ghostlink/Organized/Docs/ghostlink-wiki-organized/txt_20251125_133137_ab9507f1514999fc.txt,1,I've,shared,my,GhostLink,Python
/Users/ghostlink/Organized/Docs/ghostlink-wiki-organized/txt_20251125_135205_546ba0b34eaebb61.txt,1,This,is,my,GhostLink,repository.
/Users/ghostlink/Organized/Docs/ghostlink-wiki-organized/txt_20251125_141430_df5c44f273012d98.txt,1,@link,remember,that,project_name,is
/Users/ghostlink/Organized/Docs/ghostlink-wiki-organized/txt_20251125_140239_36f9250dc28846dd_1.txt,1,All,Python,modules,from,"GhostLink,"
/Users/ghostlink/Organized/Docs/ghostlink-wiki-organized/javascript_20251125_132249_2f28eca875df1eee_1.txt,1,"console.error(""GhostLinkLabs",MCP,Server,"running"");",
/Users/ghostlink/Organized/Docs/ghostlink-wiki-organized/txt_20251125_141307_846b3816dd448ff5_1.txt,1,class,GhostLink,,,
/Users/ghostlink/Organized/Docs/ghostlink-wiki-organized/txt_20251125_132912_29d57fb165f29bbd_1.txt,1,│,GhostLink,Autonomous,System,
/Users/ghostlink/Organized/Docs/ghostlink-wiki-organized/txt_20251125_133137_feeb962722bddf0c.txt,1,║,GhostLink,Lattice,Network,
/Users/ghostlink/Organized/Docs/ghostlink-wiki-organized/javascript_20251125_135204_2f28eca875df1eee_1.txt,1,"console.error(""GhostLinkLabs",MCP,Server,"running"");",
/Users/ghostlink/Organized/Docs/ghostlink-wiki-organized/txt_20251125_132428_29d57fb165f29bbd_1.txt,1,│,GhostLink,Autonomous,System,
/Users/ghostlink/Organized/Docs/ghostlink-wiki-organized/txt_20251125_140239_846b3816dd448ff5.txt,1,class,GhostLink,,,
/Users/ghostlink/Organized/Docs/ghostlink-wiki-organized/txt_20251125_133149_1ee94de4557215c2_1.txt,1,"""Set",project_name,to,"GhostLink""",
/Users/ghostlink/Organized/Docs/ghostlink-wiki-organized/txt_20251125_135119_29d57fb165f29bbd.txt,1,│,GhostLink,Autonomous,System,
/Users/ghostlink/Organized/Docs/ghostlink-wiki-organized/txt_20251125_135308_feeb962722bddf0c.txt,1,║,GhostLink,Lattice,Network,
/Users/ghostlink/Organized/Docs/ghostlink-wiki-organized/txt_20251125_135307_9e75ad0819d7d581_1.txt,1,Here's,my,complete,GhostLink,Python
/Users/ghostlink/Organized/Docs/ghostlink-wiki-organized/txt_20251125_132849_feeb962722bddf0c_1.txt,1,║,GhostLink,Lattice,Network,
/Users/ghostlink/Organized/Docs/ghostlink-wiki-organized/txt_20251125_140238_8cd8d783cdc38ea6.txt,1,@link,remember,that,this,project
/Users/ghostlink/Organized/Docs/ghostlink-wiki-organized/txt_20251125_132838_df5c44f273012d98_1.txt,1,@link,remember,that,project_name,is
/Users/ghostlink/Organized/Docs/ghostlink-wiki-organized/txt_20251125_140657_846b3816dd448ff5_1.txt,1,class,GhostLink,,,
/Users/ghostlink/Organized/Docs/ghostlink-wiki-organized/txt_20251125_141307_29d57fb165f29bbd.txt,1,│,GhostLink,Autonomous,System,
/Users/ghostlink/Organized/Docs/ghostlink-wiki-organized/txt_20251125_140229_911222a0583008e5.txt,1,GhostLink,Components,,,
/Users/ghostlink/Organized/Docs/ghostlink-wiki-organized/txt_20251125_140657_846b3816dd448ff5.txt,1,class,GhostLink,,,
/Users/ghostlink/Organized/Docs/ghostlink-wiki-organized/txt_20251125_140229_911222a0583008e5_1.txt,1,GhostLink,Components,,,
/Users/ghostlink/Organized/Docs/ghostlink-wiki-organized/txt_20251125_135307_ab9507f1514999fc.txt,1,I've,shared,my,GhostLink,Python
/Users/ghostlink/Organized/Docs/ghostlink-wiki-organized/txt_20251125_135307_29d57fb165f29bbd_1.txt,1,│,GhostLink,Autonomous,System,
/Users/ghostlink/Organized/Docs/ghostlink-wiki-organized/txt_20251125_140206_feeb962722bddf0c.txt,1,║,GhostLink,Lattice,Network,
/Users/ghostlink/Organized/Docs/ghostlink-wiki-organized/txt_20251125_141200_911222a0583008e5_1.txt,1,GhostLink,Components,,,
/Users/ghostlink/Organized/Docs/ghostlink-wiki-organized/txt_20251125_131136_29d57fb165f29bbd.txt,1,│,GhostLink,Autonomous,System,
/Users/ghostlink/Organized/Docs/ghostlink-wiki-organized/javascript_20251125_140657_2f28eca875df1eee.txt,1,"console.error(""GhostLinkLabs",MCP,Server,"running"");",
/Users/ghostlink/Organized/Docs/ghostlink-wiki-organized/txt_20251125_132429_911222a0583008e5.txt,1,GhostLink,Components,,,
/Users/ghostlink/Organized/Docs/ghostlink-wiki-organized/txt_20251125_141307_36f9250dc28846dd.txt,1,All,Python,modules,from,"GhostLink,"
/Users/ghostlink/Organized/Docs/ghostlink-wiki-organized/txt_20251125_141158_feeb962722bddf0c.txt,1,║,GhostLink,Lattice,Network,
/Users/ghostlink/Organized/Docs/ghostlink-wiki-organized/txt_20251125_135746_ab9507f1514999fc_1.txt,1,I've,shared,my,GhostLink,Python
/Users/ghostlink/Organized/Docs/ghostlink-wiki-organized/txt_20251125_132429_36f9250dc28846dd_1.txt,1,All,Python,modules,from,"GhostLink,"
/Users/ghostlink/Organized/Docs/ghostlink-wiki-organized/txt_20251125_133137_36f9250dc28846dd_1.txt,1,All,Python,modules,from,"GhostLink,"
/Users/ghostlink/Organized/Docs/ghostlink-wiki-organized/txt_20251125_132838_df5c44f273012d98.txt,1,@link,remember,that,project_name,is
/Users/ghostlink/Organized/Docs/ghostlink-wiki-organized/txt_20251125_135307_546ba0b34eaebb61_1.txt,1,This,is,my,GhostLink,repository.
/Users/ghostlink/Organized/Docs/ghostlink-wiki-organized/txt_20251125_135307_1ee94de4557215c2_1.txt,1,"""Set",project_name,to,"GhostLink""",
/Users/ghostlink/Organized/Docs/ghostlink-wiki-organized/txt_20251125_132202_0b526c34c6d9855b_1.txt,1,Query,arrives,→,Route,to
/Users/ghostlink/Organized/Docs/ghostlink-wiki-organized/txt_20251125_140657_546ba0b34eaebb61.txt,1,This,is,my,GhostLink,repository.
/Users/ghostlink/Organized/Docs/ghostlink-wiki-organized/txt_20251125_132838_911222a0583008e5_1.txt,1,GhostLink,Components,,,
/Users/ghostlink/Organized/Docs/ghostlink-wiki-organized/txt_20251125_135744_0b526c34c6d9855b.txt,1,Query,arrives,→,Route,to
/Users/ghostlink/Organized/Docs/ghostlink-wiki-organized/txt_20251125_133137_9e75ad0819d7d581_1.txt,1,Here's,my,complete,GhostLink,Python
/Users/ghostlink/Organized/Docs/ghostlink-wiki-organized/txt_20251125_131506_ab9507f1514999fc_1.txt,1,I've,shared,my,GhostLink,Python
/Users/ghostlink/Organized/Docs/ghostlink-wiki-organized/txt_20251125_140239_546ba0b34eaebb61_1.txt,1,This,is,my,GhostLink,repository.
/Users/ghostlink/Organized/Docs/ghostlink-wiki-organized/txt_20251125_135121_1ee94de4557215c2_1.txt,1,"""Set",project_name,to,"GhostLink""",
/Users/ghostlink/Organized/Docs/ghostlink-wiki-organized/txt_20251125_135204_f5b3c2aaff0da249.txt,1,│,├──,settings.json,#,Updated
/Users/ghostlink/Organized/Docs/ghostlink-wiki-organized/txt_20251125_141630_593782e680bba173_1.txt,1,GhostLink,Components,,,
/Users/ghostlink/Organized/Docs/ghostlink-wiki-organized/txt_20251125_131434_29d57fb165f29bbd_1.txt,1,│,GhostLink,Autonomous,System,
/Users/ghostlink/Organized/Docs/ghostlink-wiki-organized/txt_20251125_135307_1ee94de4557215c2.txt,1,"""Set",project_name,to,"GhostLink""",
/Users/ghostlink/Organized/Docs/ghostlink-wiki-organized/txt_20251125_140905_0b526c34c6d9855b.txt,1,Query,arrives,→,Route,to
/Users/ghostlink/Organized/Docs/ghostlink-wiki-organized/powershell_20251125_132532_a64611e1ef2618e9.txt,1,#,Or,select,from,dropdown:
/Users/ghostlink/Organized/Docs/ghostlink-wiki-organized/txt_20251125_141305_feeb962722bddf0c_1.txt,1,║,GhostLink,Lattice,Network,
/Users/ghostlink/Organized/Docs/ghostlink-wiki-organized/txt_20251125_135308_593782e680bba173.txt,1,GhostLink,Components,,,
/Users/ghostlink/Organized/Docs/ghostlink-wiki-organized/txt_20251125_135746_9e75ad0819d7d581.txt,1,Here's,my,complete,GhostLink,Python
/Users/ghostlink/Organized/Docs/ghostlink-wiki-organized/powershell_20251125_135204_a64611e1ef2618e9.txt,1,#,Or,select,from,dropdown:
/Users/ghostlink/Organized/Docs/ghostlink-wiki-organized/txt_20251125_135205_ab9507f1514999fc_1.txt,1,I've,shared,my,GhostLink,Python
/Users/ghostlink/Organized/Docs/ghostlink-wiki-organized/txt_20251125_135904_3ec24120473eee77_1.txt,1,•,project_name:,GhostLink,,
/Users/ghostlink/Organized/Docs/ghostlink-wiki-organized/txt_20251125_132913_1ee94de4557215c2_1.txt,1,"""Set",project_name,to,"GhostLink""",
/Users/ghostlink/Organized/Docs/ghostlink-wiki-organized/txt_20251125_133137_546ba0b34eaebb61_1.txt,1,This,is,my,GhostLink,repository.
/Users/ghostlink/Organized/Docs/ghostlink-wiki-organized/txt_20251125_132240_1ee94de4557215c2_1.txt,1,"""Set",project_name,to,"GhostLink""",
/Users/ghostlink/Organized/Docs/ghostlink-wiki-organized/txt_20251125_141307_f5b3c2aaff0da249.txt,1,│,├──,settings.json,#,Updated
/Users/ghostlink/Organized/Docs/ghostlink-wiki-organized/txt_20251125_133559_593782e680bba173_1.txt,1,GhostLink,Components,,,
/Users/ghostlink/Organized/Docs/ghostlink-wiki-organized/txt_20251125_140239_546ba0b34eaebb61.txt,1,This,is,my,GhostLink,repository.
/Users/ghostlink/Organized/Docs/ghostlink-wiki-organized/txt_20251125_135307_3ec24120473eee77.txt,1,•,project_name:,GhostLink,,
/Users/ghostlink/Organized/Docs/ghostlink-wiki-organized/txt_20251125_141200_911222a0583008e5.txt,1,GhostLink,Components,,,
/Users/ghostlink/Organized/Docs/ghostlink-wiki-organized/txt_20251125_140934_846b3816dd448ff5_1.txt,1,class,GhostLink,,,
/Users/ghostlink/Organized/Docs/ghostlink-wiki-organized/txt_20251125_140851_feeb962722bddf0c.txt,1,║,GhostLink,Lattice,Network,
/Users/ghostlink/Organized/Docs/ghostlink-wiki-organized/powershell_20251125_140438_a64611e1ef2618e9.txt,1,#,Or,select,from,dropdown:
/Users/ghostlink/Organized/Docs/ghostlink-wiki-organized/txt_20251125_135818_36f9250dc28846dd.txt,1,All,Python,modules,from,"GhostLink,"
/Users/ghostlink/Organized/Docs/ghostlink-wiki-organized/powershell_20251125_131213_a64611e1ef2618e9.txt,1,#,Or,select,from,dropdown:
/Users/ghostlink/Organized/Docs/ghostlink-wiki-organized/txt_20251125_133559_593782e680bba173.txt,1,GhostLink,Components,,,
/Users/ghostlink/Organized/Docs/ghostlink-wiki-organized/txt_20251125_140239_9e75ad0819d7d581_1.txt,1,Here's,my,complete,GhostLink,Python
/Users/ghostlink/Organized/Docs/ghostlink-wiki-organized/txt_20251125_141200_df5c44f273012d98_1.txt,1,@link,remember,that,project_name,is
/Users/ghostlink/Organized/Docs/ghostlink-wiki-organized/txt_20251125_133137_29d57fb165f29bbd_1.txt,1,│,GhostLink,Autonomous,System,
/Users/ghostlink/Organized/Docs/ghostlink-wiki-organized/txt_20251125_131301_846b3816dd448ff5.txt,1,class,GhostLink,,,
/Users/ghostlink/Organized/Docs/ghostlink-wiki-organized/txt_20251125_140934_ab9507f1514999fc.txt,1,I've,shared,my,GhostLink,Python
/Users/ghostlink/Organized/Docs/ghostlink-wiki-organized/txt_20251125_140229_df5c44f273012d98_1.txt,1,@link,remember,that,project_name,is
/Users/ghostlink/Organized/Docs/ghostlink-wiki-organized/txt_20251125_135307_36f9250dc28846dd_1.txt,1,All,Python,modules,from,"GhostLink,"
/Users/ghostlink/Organized/Docs/ghostlink-wiki-organized/powershell_20251125_132913_a64611e1ef2618e9.txt,1,#,Or,select,from,dropdown:
/Users/ghostlink/Organized/Docs/ghostlink-wiki-organized/txt_20251125_141307_546ba0b34eaebb61.txt,1,This,is,my,GhostLink,repository.
/Users/ghostlink/Organized/Docs/ghostlink-wiki-organized/txt_20251125_133233_df5c44f273012d98_1.txt,1,@link,remember,that,project_name,is
/Users/ghostlink/Organized/Docs/ghostlink-wiki-organized/txt_20251125_140206_29d57fb165f29bbd_1.txt,1,│,GhostLink,Autonomous,System,
/Users/ghostlink/Organized/Docs/ghostlink-wiki-organized/powershell_20251125_132532_a64611e1ef2618e9_1.txt,1,#,Or,select,from,dropdown:
/Users/ghostlink/Organized/Docs/ghostlink-wiki-organized/txt_20251125_130928_f5b3c2aaff0da249.txt,1,│,├──,settings.json,#,Updated
/Users/ghostlink/Organized/Docs/ghostlink-wiki-organized/txt_20251125_133233_911222a0583008e5.txt,1,GhostLink,Components,,,
/Users/ghostlink/Organized/Docs/ghostlink-wiki-organized/txt_20251125_131136_29d57fb165f29bbd_1.txt,1,│,GhostLink,Autonomous,System,
/Users/ghostlink/Organized/Docs/ghostlink-wiki-organized/txt_20251125_131346_3ec24120473eee77_1.txt,1,•,project_name:,GhostLink,,
/Users/ghostlink/Organized/Docs/ghostlink-wiki-organized/txt_20251125_135746_546ba0b34eaebb61_1.txt,1,This,is,my,GhostLink,repository.
/Users/ghostlink/Organized/Docs/ghostlink-wiki-organized/txt_20251125_131346_1ee94de4557215c2.txt,1,"""Set",project_name,to,"GhostLink""",
/Users/ghostlink/Organized/Docs/ghostlink-wiki-organized/txt_20251125_140239_f5b3c2aaff0da249.txt,1,│,├──,settings.json,#,Updated
/Users/ghostlink/Organized/Docs/ghostlink-wiki-organized/txt_20251125_135205_df5c44f273012d98.txt,1,@link,remember,that,project_name,is
/Users/ghostlink/Organized/Docs/ghostlink-wiki-organized/txt_20251125_135307_ab9507f1514999fc_1.txt,1,I've,shared,my,GhostLink,Python
/Users/ghostlink/Organized/Docs/ghostlink-wiki-organized/txt_20251125_130928_0b526c34c6d9855b.txt,1,Query,arrives,→,Route,to
/Users/ghostlink/Organized/Docs/ghostlink-wiki-organized/txt_20251125_141630_8cd8d783cdc38ea6_1.txt,1,@link,remember,that,this,project
/Users/ghostlink/Organized/Docs/ghostlink-wiki-organized/txt_20251125_131346_feeb962722bddf0c_1.txt,1,║,GhostLink,Lattice,Network,
/Users/ghostlink/Organized/Docs/ghostlink-wiki-organized/txt_20251125_131335_3ec24120473eee77.txt,1,•,project_name:,GhostLink,,
/Users/ghostlink/Organized/Docs/ghostlink-wiki-organized/txt_20251125_135307_9e75ad0819d7d581.txt,1,Here's,my,complete,GhostLink,Python
/Users/ghostlink/Organized/Docs/ghostlink-wiki-organized/txt_20251125_140223_1ee94de4557215c2.txt,1,"""Set",project_name,to,"GhostLink""",
/Users/ghostlink/Organized/Docs/ghostlink-wiki-organized/txt_20251125_133559_8cd8d783cdc38ea6_1.txt,1,@link,remember,that,this,project
/Users/ghostlink/Organized/Docs/ghostlink-wiki-organized/txt_20251125_140657_f5b3c2aaff0da249.txt,1,│,├──,settings.json,#,Updated
/Users/ghostlink/Organized/Docs/ghostlink-wiki-organized/txt_20251125_135119_29d57fb165f29bbd_1.txt,1,│,GhostLink,Autonomous,System,
/Users/ghostlink/Organized/Docs/ghostlink-wiki-organized/txt_20251125_131335_1ee94de4557215c2.txt,1,"""Set",project_name,to,"GhostLink""",
/Users/ghostlink/Organized/Docs/ghostlink-wiki-organized/txt_20251125_135818_846b3816dd448ff5.txt,1,class,GhostLink,,,
/Users/ghostlink/Organized/Docs/ghostlink-wiki-organized/txt_20251125_140223_3ec24120473eee77_1.txt,1,•,project_name:,GhostLink,,
/Users/ghostlink/Organized/Docs/ghostlink-wiki-organized/txt_20251125_131353_f5b3c2aaff0da249.txt,1,│,├──,settings.json,#,Updated
/Users/ghostlink/Organized/Docs/ghostlink-wiki-organized/txt_20251125_131506_36f9250dc28846dd_1.txt,1,All,Python,modules,from,"GhostLink,"
/Users/ghostlink/Organized/Docs/ghostlink-wiki-organized/txt_20251125_141307_f5b3c2aaff0da249_1.txt,1,│,├──,settings.json,#,Updated
/Users/ghostlink/Organized/Docs/ghostlink-wiki-organized/txt_20251125_140223_3ec24120473eee77.txt,1,•,project_name:,GhostLink,,
/Users/ghostlink/Organized/Docs/ghostlink-wiki-organized/txt_20251125_135746_9e75ad0819d7d581_1.txt,1,Here's,my,complete,GhostLink,Python
/Users/ghostlink/Organized/Docs/ghostlink-wiki-organized/txt_20251125_131301_846b3816dd448ff5_1.txt,1,class,GhostLink,,,
/Users/ghostlink/Organized/Docs/ghostlink-wiki-organized/txt_20251125_141306_2e87c060ce30f843.txt,1,-,Core,modules,"(Ghost,","Lumara,"
/Users/ghostlink/Organized/Docs/ghostlink-wiki-organized/powershell_20251125_140438_a64611e1ef2618e9_1.txt,1,#,Or,select,from,dropdown:
/Users/ghostlink/Organized/Docs/ghostlink-wiki-organized/txt_20251125_140933_2e87c060ce30f843.txt,1,-,Core,modules,"(Ghost,","Lumara,"
/Users/ghostlink/Organized/Docs/ghostlink-wiki-organized/txt_20251125_140657_f5b3c2aaff0da249_1.txt,1,│,├──,settings.json,#,Updated
/Users/ghostlink/Organized/Docs/ghostlink-wiki-organized/txt_20251125_131346_3ec24120473eee77.txt,1,•,project_name:,GhostLink,,
/Users/ghostlink/Organized/Docs/ghostlink-wiki-organized/powershell_20251125_140657_a64611e1ef2618e9.txt,1,#,Or,select,from,dropdown:
/Users/ghostlink/Organized/Docs/ghostlink-wiki-organized/txt_20251125_140223_feeb962722bddf0c_1.txt,1,║,GhostLink,Lattice,Network,
/Users/ghostlink/Organized/Docs/ghostlink-wiki-organized/txt_20251125_131301_36f9250dc28846dd.txt,1,All,Python,modules,from,"GhostLink,"
/Users/ghostlink/Organized/Docs/ghostlink-wiki-organized/txt_20251125_133045_593782e680bba173.txt,1,GhostLink,Components,,,
/Users/ghostlink/Organized/Docs/ghostlink-wiki-organized/txt_20251125_133137_9e75ad0819d7d581.txt,1,Here's,my,complete,GhostLink,Python
/Users/ghostlink/Organized/Docs/ghostlink-wiki-organized/txt_20251125_131506_9e75ad0819d7d581.txt,1,Here's,my,complete,GhostLink,Python
/Users/ghostlink/Organized/Docs/ghostlink-wiki-organized/txt_20251125_132912_29d57fb165f29bbd.txt,1,│,GhostLink,Autonomous,System,
/Users/ghostlink/Organized/Docs/ghostlink-wiki-organized/txt_20251125_141307_546ba0b34eaebb61_1.txt,1,This,is,my,GhostLink,repository.
/Users/ghostlink/Organized/Docs/ghostlink-wiki-organized/javascript_20251125_133559_2f28eca875df1eee.txt,1,"console.error(""GhostLinkLabs",MCP,Server,"running"");",
/Users/ghostlink/Organized/Docs/ghostlink-wiki-organized/txt_20251125_135307_846b3816dd448ff5.txt,1,class,GhostLink,,,
/Users/ghostlink/Organized/Docs/ghostlink-wiki-organized/txt_20251125_141630_593782e680bba173.txt,1,GhostLink,Components,,,
/Users/ghostlink/Organized/Docs/ghostlink-wiki-organized/txt_20251125_140657_ab9507f1514999fc.txt,1,I've,shared,my,GhostLink,Python
/Users/ghostlink/Organized/Docs/ghostlink-wiki-organized/txt_20251125_131335_1ee94de4557215c2_1.txt,1,"""Set",project_name,to,"GhostLink""",
/Users/ghostlink/Organized/Docs/ghostlink-wiki-organized/txt_20251125_133136_f5b3c2aaff0da249.txt,1,│,├──,settings.json,#,Updated
/Users/ghostlink/Organized/Docs/ghostlink-wiki-organized/txt_20251125_141430_911222a0583008e5.txt,1,GhostLink,Components,,,
/Users/ghostlink/Organized/Docs/ghostlink-wiki-organized/txt_20251125_132240_3ec24120473eee77.txt,1,•,project_name:,GhostLink,,
/Users/ghostlink/Organized/Docs/ghostlink-wiki-organized/txt_20251125_132529_8cd8d783cdc38ea6.txt,1,@link,remember,that,this,project
/Users/ghostlink/Organized/Docs/ghostlink-wiki-organized/txt_20251125_135308_8cd8d783cdc38ea6_1.txt,1,@link,remember,that,this,project
/Users/ghostlink/Organized/Docs/ghostlink-wiki-organized/txt_20251125_141307_29d57fb165f29bbd_1.txt,1,│,GhostLink,Autonomous,System,
/Users/ghostlink/Organized/Docs/ghostlink-wiki-organized/txt_20251125_140657_546ba0b34eaebb61_1.txt,1,This,is,my,GhostLink,repository.
/Users/ghostlink/Organized/Docs/ghostlink-wiki-organized/txt_20251125_140229_df5c44f273012d98.txt,1,@link,remember,that,project_name,is
/Users/ghostlink/Organized/Docs/ghostlink-wiki-organized/powershell_20251125_133136_a64611e1ef2618e9.txt,1,#,Or,select,from,dropdown:
/Users/ghostlink/Organized/Docs/ghostlink-wiki-organized/txt_20251125_132429_36f9250dc28846dd.txt,1,All,Python,modules,from,"GhostLink,"
/Users/ghostlink/Organized/Docs/ghostlink-wiki-organized/txt_20251125_140318_29d57fb165f29bbd_1.txt,1,│,GhostLink,Autonomous,System,
/Users/ghostlink/Organized/Docs/ghostlink-wiki-organized/txt_20251125_132429_df5c44f273012d98.txt,1,@link,remember,that,project_name,is
/Users/ghostlink/Organized/Docs/ghostlink-wiki-organized/txt_20251125_135204_f5b3c2aaff0da249_1.txt,1,│,├──,settings.json,#,Updated
/Users/ghostlink/Organized/Docs/ghostlink-wiki-organized/txt_20251125_133137_846b3816dd448ff5.txt,1,class,GhostLink,,,
/Users/ghostlink/Organized/Docs/ghostlink-wiki-organized/txt_20251125_141430_911222a0583008e5_1.txt,1,GhostLink,Components,,,
/Users/ghostlink/Organized/Docs/ghostlink-wiki-organized/txt_20251125_141307_9e75ad0819d7d581_1.txt,1,Here's,my,complete,GhostLink,Python
/Users/ghostlink/Organized/Docs/ghostlink-wiki-organized/txt_20251125_131506_846b3816dd448ff5.txt,1,class,GhostLink,,,
/Users/ghostlink/Organized/Docs/ghostlink-wiki-organized/txt_20251125_140239_ab9507f1514999fc.txt,1,I've,shared,my,GhostLink,Python
/Users/ghostlink/Organized/Docs/ghostlink-wiki-organized/txt_20251125_140934_36f9250dc28846dd_1.txt,1,All,Python,modules,from,"GhostLink,"
/Users/ghostlink/Organized/Docs/ghostlink-wiki-organized/txt_20251125_135308_f5b3c2aaff0da249_1.txt,1,│,├──,settings.json,#,Updated
/Users/ghostlink/Organized/Docs/ghostlink-wiki-organized/txt_20251125_140657_9e75ad0819d7d581_1.txt,1,Here's,my,complete,GhostLink,Python
/Users/ghostlink/Organized/Docs/ghostlink-wiki-organized/txt_20251125_132240_1ee94de4557215c2.txt,1,"""Set",project_name,to,"GhostLink""",
/Users/ghostlink/Organized/Docs/ghostlink-wiki-organized/txt_20251125_132307_f5b3c2aaff0da249.txt,1,│,├──,settings.json,#,Updated
/Users/ghostlink/Organized/Docs/ghostlink-wiki-organized/txt_20251125_132429_911222a0583008e5_1.txt,1,GhostLink,Components,,,
/Users/ghostlink/Organized/Docs/ghostlink-wiki-organized/txt_20251125_140934_546ba0b34eaebb61.txt,1,This,is,my,GhostLink,repository.
/Users/ghostlink/Organized/Docs/ghostlink-wiki-organized/txt_20251125_132838_911222a0583008e5.txt,1,GhostLink,Components,,,
/Users/ghostlink/Organized/Docs/ghostlink-wiki-organized/txt_20251125_135307_846b3816dd448ff5_1.txt,1,class,GhostLink,,,
/Users/ghostlink/Organized/Docs/ghostlink-wiki-organized/javascript_20251125_141037_2f28eca875df1eee.txt,1,"console.error(""GhostLinkLabs",MCP,Server,"running"");",
/Users/ghostlink/Organized/Docs/ghostlink-wiki-organized/INDEX.md,1,#,GhostLink,Wiki,-,Organized
/Users/ghostlink/Organized/Docs/ghostlink-wiki-organized/javascript_20251125_140223_2f28eca875df1eee.txt,1,"console.error(""GhostLinkLabs",MCP,Server,"running"");",
/Users/ghostlink/Organized/Docs/ghostlink-wiki-organized/txt_20251125_140851_feeb962722bddf0c_1.txt,1,║,GhostLink,Lattice,Network,
/Users/ghostlink/Organized/Docs/ghostlink-wiki-organized/txt_20251125_141307_ab9507f1514999fc.txt,1,I've,shared,my,GhostLink,Python
/Users/ghostlink/Organized/Docs/ghostlink-wiki-organized/txt_20251125_140238_593782e680bba173.txt,1,GhostLink,Components,,,
/Users/ghostlink/Organized/Docs/ghostlink-wiki-organized/txt_20251125_135119_feeb962722bddf0c.txt,1,║,GhostLink,Lattice,Network,
/Users/ghostlink/Organized/Docs/ghostlink-wiki-organized/txt_20251125_140934_ab9507f1514999fc_1.txt,1,I've,shared,my,GhostLink,Python
/Users/ghostlink/Organized/Docs/ghostlink-wiki-organized/txt_20251125_135819_df5c44f273012d98_1.txt,1,@link,remember,that,project_name,is
/Users/ghostlink/Organized/Docs/ghostlink-wiki-organized/txt_20251125_135745_f5b3c2aaff0da249_1.txt,1,│,├──,settings.json,#,Updated
/Users/ghostlink/Organized/Docs/ghostlink-wiki-organized/txt_20251125_135307_36f9250dc28846dd.txt,1,All,Python,modules,from,"GhostLink,"
/Users/ghostlink/Organized/Docs/ghostlink-wiki-organized/txt_20251125_133149_3ec24120473eee77_1.txt,1,•,project_name:,GhostLink,,
/Users/ghostlink/Organized/Docs/ghostlink-wiki-organized/txt_20251125_135308_df5c44f273012d98.txt,1,@link,remember,that,project_name,is
/Users/ghostlink/Organized/Docs/ghostlink-wiki-organized/txt_20251125_132429_846b3816dd448ff5.txt,1,class,GhostLink,,,
/Users/ghostlink/Organized/Docs/ghostlink-wiki-organized/javascript_20251125_131346_2f28eca875df1eee.txt,1,"console.error(""GhostLinkLabs",MCP,Server,"running"");",
/Users/ghostlink/Organized/Docs/ghostlink-wiki-organized/txt_20251125_135308_593782e680bba173_1.txt,1,GhostLink,Components,,,
/Users/ghostlink/Organized/Docs/ghostlink-wiki-organized/txt_20251125_135904_3ec24120473eee77.txt,1,•,project_name:,GhostLink,,
/Users/ghostlink/Organized/Docs/ghostlink-wiki-organized/txt_20251125_131353_df5c44f273012d98_1.txt,1,@link,remember,that,project_name,is
/Users/ghostlink/Organized/Docs/ghostlink-wiki-organized/javascript_20251125_131346_2f28eca875df1eee_1.txt,1,"console.error(""GhostLinkLabs",MCP,Server,"running"");",
/Users/ghostlink/Organized/Docs/ghostlink-wiki-organized/txt_20251125_131353_911222a0583008e5.txt,1,GhostLink,Components,,,
/Users/ghostlink/Organized/Docs/ghostlink-wiki-organized/txt_20251125_141321_3ec24120473eee77_1.txt,1,•,project_name:,GhostLink,,
/Users/ghostlink/Organized/Docs/ghostlink-wiki-organized/txt_20251125_133137_29d57fb165f29bbd.txt,1,│,GhostLink,Autonomous,System,
/Users/ghostlink/Organized/Docs/ghostlink-wiki-organized/txt_20251125_135308_911222a0583008e5_1.txt,1,GhostLink,Components,,,
/Users/ghostlink/Organized/Docs/ghostlink-wiki-organized/txt_20251125_131506_846b3816dd448ff5_1.txt,1,class,GhostLink,,,
/Users/ghostlink/Organized/Docs/ghostlink-wiki-organized/txt_20251125_131506_36f9250dc28846dd.txt,1,All,Python,modules,from,"GhostLink,"
/Users/ghostlink/Organized/Docs/ghostlink-wiki-organized/txt_20251125_133137_36f9250dc28846dd.txt,1,All,Python,modules,from,"GhostLink,"
/Users/ghostlink/Organized/Docs/ghostlink-wiki-organized/txt_20251125_140239_f5b3c2aaff0da249_1.txt,1,│,├──,settings.json,#,Updated
/Users/ghostlink/Organized/Docs/ghostlink-wiki-organized/txt_20251125_135904_1ee94de4557215c2.txt,1,"""Set",project_name,to,"GhostLink""",
/Users/ghostlink/Organized/Docs/ghostlink-wiki-organized/txt_20251125_135307_3ec24120473eee77_1.txt,1,•,project_name:,GhostLink,,
/Users/ghostlink/Organized/Docs/ghostlink-wiki-organized/powershell_20251125_133136_a64611e1ef2618e9_1.txt,1,#,Or,select,from,dropdown:
/Users/ghostlink/Organized/Docs/ghostlink-wiki-organized/txt_20251125_131301_36f9250dc28846dd_1.txt,1,All,Python,modules,from,"GhostLink,"
/Users/ghostlink/Organized/Docs/ghostlink-wiki-organized/txt_20251125_135205_df5c44f273012d98_1.txt,1,@link,remember,that,project_name,is
/Users/ghostlink/Organized/Docs/ghostlink-wiki-organized/txt_20251125_140206_29d57fb165f29bbd.txt,1,│,GhostLink,Autonomous,System,
/Users/ghostlink/Organized/Docs/ghostlink-wiki-organized/txt_20251125_135819_911222a0583008e5.txt,1,GhostLink,Components,,,
/Users/ghostlink/Organized/Docs/ghostlink-wiki-organized/javascript_20251125_140223_2f28eca875df1eee_1.txt,1,"console.error(""GhostLinkLabs",MCP,Server,"running"");",
/Users/ghostlink/Organized/Docs/ghostlink-wiki-organized/javascript_20251125_132249_2f28eca875df1eee.txt,1,"console.error(""GhostLinkLabs",MCP,Server,"running"");",
/Users/ghostlink/Organized/Docs/ghostlink-wiki-organized/txt_20251125_131136_feeb962722bddf0c.txt,1,║,GhostLink,Lattice,Network,
/Users/ghostlink/Organized/Docs/ghostlink-wiki-organized/javascript_20251125_132849_2f28eca875df1eee.txt,1,"console.error(""GhostLinkLabs",MCP,Server,"running"");",
/Users/ghostlink/Organized/Docs/ghostlink-wiki-organized/txt_20251125_135205_9e75ad0819d7d581.txt,1,Here's,my,complete,GhostLink,Python
/Users/ghostlink/Organized/Docs/ghostlink-wiki-organized/txt_20251125_135307_29d57fb165f29bbd.txt,1,│,GhostLink,Autonomous,System,
/Users/ghostlink/Organized/Docs/ghostlink-wiki-organized/powershell_20251125_141637_a64611e1ef2618e9.txt,1,#,Or,select,from,dropdown:
/Users/ghostlink/Organized/Docs/ghostlink-wiki-organized/txt_20251125_135904_1ee94de4557215c2_1.txt,1,"""Set",project_name,to,"GhostLink""",
/Users/ghostlink/Organized/Docs/ghostlink-wiki-organized/txt_20251125_133233_df5c44f273012d98.txt,1,@link,remember,that,project_name,is
/Users/ghostlink/Organized/Docs/ghostlink-wiki-organized/txt_20251125_131434_29d57fb165f29bbd.txt,1,│,GhostLink,Autonomous,System,
/Users/ghostlink/Organized/Docs/ghostlink-wiki-organized/txt_20251125_135308_df5c44f273012d98_1.txt,1,@link,remember,that,project_name,is
/Users/ghostlink/Organized/Docs/ghostlink-wiki-organized/txt_20251125_133045_8cd8d783cdc38ea6_1.txt,1,@link,remember,that,this,project
/Users/ghostlink/Organized/Docs/ghostlink-wiki-organized/txt_20251125_135308_8cd8d783cdc38ea6.txt,1,@link,remember,that,this,project
/Users/ghostlink/Organized/Docs/ghostlink-wiki-organized/txt_20251125_132428_29d57fb165f29bbd.txt,1,│,GhostLink,Autonomous,System,
/Users/ghostlink/Organized/Docs/ghostlink-wiki-organized/txt_20251125_132913_3ec24120473eee77.txt,1,•,project_name:,GhostLink,,
/Users/ghostlink/Organized/Docs/ghostlink-wiki-organized/txt_20251125_131353_911222a0583008e5_1.txt,1,GhostLink,Components,,,
/Users/ghostlink/Organized/Docs/ghostlink-wiki-organized/txt_20251125_141038_f5b3c2aaff0da249.txt,1,│,├──,settings.json,#,Updated
/Users/ghostlink/Organized/Docs/ghostlink-wiki-organized/txt_20251125_135121_3ec24120473eee77.txt,1,•,project_name:,GhostLink,,
/Users/ghostlink/Organized/Docs/ghostlink-wiki-organized/txt_20251125_135204_846b3816dd448ff5_1.txt,1,class,GhostLink,,,
/Users/ghostlink/Organized/Docs/ghostlink-wiki-organized/javascript_20251125_141307_2f28eca875df1eee_1.txt,1,"console.error(""GhostLinkLabs",MCP,Server,"running"");",
/Users/ghostlink/Organized/Docs/ghostlink-wiki-organized/txt_20251125_140934_36f9250dc28846dd.txt,1,All,Python,modules,from,"GhostLink,"
/Users/ghostlink/Organized/Docs/ghostlink-wiki-organized/txt_20251125_135121_3ec24120473eee77_1.txt,1,•,project_name:,GhostLink,,
/Users/ghostlink/Organized/Docs/ghostlink-wiki-organized/powershell_20251125_135745_a64611e1ef2618e9_1.txt,1,#,Or,select,from,dropdown:
/Users/ghostlink/Organized/Docs/ghostlink-wiki-organized/txt_20251125_140239_9e75ad0819d7d581.txt,1,Here's,my,complete,GhostLink,Python
/Users/ghostlink/Organized/Docs/ghostlink-wiki-organized/powershell_20251125_132913_a64611e1ef2618e9_1.txt,1,#,Or,select,from,dropdown:
/Users/ghostlink/Organized/Docs/ghostlink-wiki-organized/javascript_20251125_140657_2f28eca875df1eee_1.txt,1,"console.error(""GhostLinkLabs",MCP,Server,"running"");",
/Users/ghostlink/Organized/Docs/ghostlink-wiki-organized/txt_20251125_135819_911222a0583008e5_1.txt,1,GhostLink,Components,,,
/Users/ghostlink/Organized/Docs/ghostlink-wiki-organized/txt_20251125_135205_911222a0583008e5.txt,1,GhostLink,Components,,,
/Users/ghostlink/Organized/Docs/ghostlink-wiki-organized/txt_20251125_141307_ab9507f1514999fc_1.txt,1,I've,shared,my,GhostLink,Python
/Users/ghostlink/Organized/Docs/ghostlink-wiki-organized/txt_20251125_132429_feeb962722bddf0c_1.txt,1,║,GhostLink,Lattice,Network,
/Users/ghostlink/Organized/Docs/ghostlink-wiki-organized/txt_20251125_133137_feeb962722bddf0c_1.txt,1,║,GhostLink,Lattice,Network,
/Users/ghostlink/Organized/Docs/ghostlink-wiki-organized/txt_20251125_132529_8cd8d783cdc38ea6_1.txt,1,@link,remember,that,this,project
/Users/ghostlink/Organized/Docs/ghostlink-wiki-organized/powershell_20251125_131213_a64611e1ef2618e9_1.txt,1,#,Or,select,from,dropdown:
/Users/ghostlink/Organized/Docs/ghostlink-wiki-organized/txt_20251125_140934_29d57fb165f29bbd.txt,1,│,GhostLink,Autonomous,System,
/Users/ghostlink/Organized/Docs/ghostlink-wiki-organized/txt_20251125_135746_546ba0b34eaebb61.txt,1,This,is,my,GhostLink,repository.
/Users/ghostlink/Organized/Docs/ghostlink-wiki-organized/powershell_20251125_135308_a64611e1ef2618e9.txt,1,#,Or,select,from,dropdown:
/Users/ghostlink/Organized/Docs/ghostlink-wiki-organized/txt_20251125_140238_8cd8d783cdc38ea6_1.txt,1,@link,remember,that,this,project
/Users/ghostlink/Organized/Docs/ghostlink-wiki-organized/txt_20251125_135205_911222a0583008e5_1.txt,1,GhostLink,Components,,,
/Users/ghostlink/Organized/Docs/ghostlink-wiki-organized/txt_20251125_133559_8cd8d783cdc38ea6.txt,1,@link,remember,that,this,project
/Users/ghostlink/Organized/Docs/ghostlink-wiki-organized/javascript_20251125_133559_2f28eca875df1eee_1.txt,1,"console.error(""GhostLinkLabs",MCP,Server,"running"");",
/Users/ghostlink/Organized/Docs/ghostlink-wiki-organized/txt_20251125_135121_1ee94de4557215c2.txt,1,"""Set",project_name,to,"GhostLink""",
/Users/ghostlink/Organized/Docs/ghostlink-wiki-organized/txt_20251125_140657_ab9507f1514999fc_1.txt,1,I've,shared,my,GhostLink,Python
/Users/ghostlink/Organized/Docs/ghostlink-wiki-organized/txt_20251125_140657_9e75ad0819d7d581.txt,1,Here's,my,complete,GhostLink,Python
/Users/ghostlink/Organized/Docs/ghostlink-wiki-organized/txt_20251125_132240_3ec24120473eee77_1.txt,1,•,project_name:,GhostLink,,
/Users/ghostlink/Organized/Docs/ghostlink-wiki-organized/txt_20251125_135308_f5b3c2aaff0da249.txt,1,│,├──,settings.json,#,Updated
/Users/ghostlink/Organized/Docs/ghostlink-wiki-organized/txt_20251125_132913_3ec24120473eee77_1.txt,1,•,project_name:,GhostLink,,
/Users/ghostlink/Organized/Docs/ghostlink-wiki-organized/txt_20251125_133136_f5b3c2aaff0da249_1.txt,1,│,├──,settings.json,#,Updated
/Users/ghostlink/Organized/Docs/ghostlink-wiki-organized/txt_20251125_132913_1ee94de4557215c2.txt,1,"""Set",project_name,to,"GhostLink""",
/Users/ghostlink/Organized/Docs/ghostlink-wiki-organized/txt_20251125_135818_846b3816dd448ff5_1.txt,1,class,GhostLink,,,
/Users/ghostlink/Organized/Docs/ghostlink-wiki-organized/txt_20251125_133137_546ba0b34eaebb61.txt,1,This,is,my,GhostLink,repository.
/Users/ghostlink/Organized/Docs/ghostlink-wiki-organized/txt_20251125_133149_3ec24120473eee77.txt,1,•,project_name:,GhostLink,,
/Users/ghostlink/Organized/Docs/ghostlink-wiki-organized/txt_20251125_140934_9e75ad0819d7d581_1.txt,1,Here's,my,complete,GhostLink,Python
/Users/ghostlink/Organized/Docs/ghostlink-wiki-organized/txt_20251125_132202_0b526c34c6d9855b.txt,1,Query,arrives,→,Route,to
/Users/ghostlink/Organized/Docs/ghostlink-wiki-organized/txt_20251125_140239_846b3816dd448ff5_1.txt,1,class,GhostLink,,,
/Users/ghostlink/Organized/Docs/ghostlink-wiki-organized/txt_20251125_131506_546ba0b34eaebb61.txt,1,This,is,my,GhostLink,repository.
/Users/ghostlink/Organized/Docs/ghostlink-wiki-organized/txt_20251125_133045_593782e680bba173_1.txt,1,GhostLink,Components,,,
/Users/ghostlink/Organized/Docs/ghostlink-wiki-organized/txt_20251125_135205_ab9507f1514999fc.txt,1,I've,shared,my,GhostLink,Python
/Users/ghostlink/Organized/Docs/ghostlink-wiki-organized/txt_20251125_135308_feeb962722bddf0c_1.txt,1,║,GhostLink,Lattice,Network,
/Users/ghostlink/Organized/Docs/ghostlink-wiki-organized/txt_20251125_140455_2e87c060ce30f843.txt,1,-,Core,modules,"(Ghost,","Lumara,"
/Users/ghostlink/Organized/Docs/ghostlink-wiki-organized/txt_20251125_141307_36f9250dc28846dd_1.txt,1,All,Python,modules,from,"GhostLink,"
/Users/ghostlink/Organized/Docs/ghostlink-wiki-organized/txt_20251125_140933_2e87c060ce30f843_1.txt,1,-,Core,modules,"(Ghost,","Lumara,"
/Users/ghostlink/Organized/Docs/ghostlink-wiki-organized/txt_20251125_130928_f5b3c2aaff0da249_1.txt,1,│,├──,settings.json,#,Updated
/Users/ghostlink/Organized/Docs/ghostlink-wiki-organized/txt_20251125_140206_feeb962722bddf0c_1.txt,1,║,GhostLink,Lattice,Network,
/Users/ghostlink/Organized/Docs/ghostlink-wiki-organized/txt_20251125_131346_1ee94de4557215c2_1.txt,1,"""Set",project_name,to,"GhostLink""",
/Users/ghostlink/Organized/Docs/ghostlink-wiki-organized/javascript_20251125_132849_2f28eca875df1eee_1.txt,1,"console.error(""GhostLinkLabs",MCP,Server,"running"");",
/Users/ghostlink/Organized/Docs/ghostlink-wiki-organized/txt_20251125_140657_36f9250dc28846dd_1.txt,1,All,Python,modules,from,"GhostLink,"
/Users/ghostlink/Organized/Docs/ghostlink-wiki-organized/txt_20251125_140934_846b3816dd448ff5.txt,1,class,GhostLink,,,
/Users/ghostlink/Organized/Docs/ghostlink-wiki-organized/txt_20251125_141038_f5b3c2aaff0da249_1.txt,1,│,├──,settings.json,#,Updated
/Users/ghostlink/Organized/Docs/ghostlink-wiki-organized/txt_20251125_131136_feeb962722bddf0c_1.txt,1,║,GhostLink,Lattice,Network,
/Users/ghostlink/Organized/Docs/ghostlink-wiki-organized/txt_20251125_140905_0b526c34c6d9855b_1.txt,1,Query,arrives,→,Route,to
/Users/ghostlink/Organized/Docs/ghostlink-wiki-organized/txt_20251125_135307_546ba0b34eaebb61.txt,1,This,is,my,GhostLink,repository.
/Users/ghostlink/Organized/Docs/ghostlink-wiki-organized/txt_20251125_133045_8cd8d783cdc38ea6.txt,1,@link,remember,that,this,project
/Users/ghostlink/Organized/Docs/ghostlink-wiki-organized/txt_20251125_132529_593782e680bba173_1.txt,1,GhostLink,Components,,,
/Users/ghostlink/Organized/Docs/ghostlink-wiki-organized/txt_20251125_140934_546ba0b34eaebb61_1.txt,1,This,is,my,GhostLink,repository.
/Users/ghostlink/Organized/Docs/ghostlink-wiki-organized/txt_20251125_141200_df5c44f273012d98.txt,1,@link,remember,that,project_name,is
/Users/ghostlink/Organized/Docs/ghostlink-wiki-organized/txt_20251125_132429_df5c44f273012d98_1.txt,1,@link,remember,that,project_name,is
/Users/ghostlink/Organized/Docs/ghostlink-wiki-organized/txt_20251125_132307_f5b3c2aaff0da249_1.txt,1,│,├──,settings.json,#,Updated
/Users/ghostlink/Organized/Docs/ghostlink-wiki-organized/txt_20251125_132429_846b3816dd448ff5_1.txt,1,class,GhostLink,,,
/Users/ghostlink/Organized/Docs/ghostlink-wiki-organized/txt_20251125_133137_846b3816dd448ff5_1.txt,1,class,GhostLink,,,
/Users/ghostlink/Organized/Docs/ghostlink-wiki-organized/txt_20251125_140238_593782e680bba173_1.txt,1,GhostLink,Components,,,
/Users/ghostlink/Organized/Docs/ghostlink-wiki-organized/txt_20251125_141306_2e87c060ce30f843_1.txt,1,-,Core,modules,"(Ghost,","Lumara,"
/Users/ghostlink/Organized/Docs/ghostlink-wiki-organized/txt_20251125_140934_29d57fb165f29bbd_1.txt,1,│,GhostLink,Autonomous,System,
/Users/ghostlink/Organized/Docs/ghostlink-wiki-organized/txt_20251125_135119_feeb962722bddf0c_1.txt,1,║,GhostLink,Lattice,Network,
/Users/ghostlink/Organized/Docs/ghostlink-wiki-organized/powershell_20251125_135204_a64611e1ef2618e9_1.txt,1,#,Or,select,from,dropdown:
/Users/ghostlink/Organized/Docs/ghostlink-wiki-organized/txt_20251125_133149_1ee94de4557215c2.txt,1,"""Set",project_name,to,"GhostLink""",
/Users/ghostlink/Organized/Docs/ghostlink-wiki-organized/txt_20251125_141430_df5c44f273012d98_1.txt,1,@link,remember,that,project_name,is
/Users/ghostlink/Organized/Docs/ghostlink-wiki-organized/txt_20251125_131353_f5b3c2aaff0da249_1.txt,1,│,├──,settings.json,#,Updated
/Users/ghostlink/Organized/Docs/ghostlink-wiki-organized/txt_20251125_140223_1ee94de4557215c2_1.txt,1,"""Set",project_name,to,"GhostLink""",
/Users/ghostlink/Organized/Docs/ghostlink-wiki-organized/txt_20251125_141307_9e75ad0819d7d581.txt,1,Here's,my,complete,GhostLink,Python
/Users/ghostlink/Organized/Docs/ghostlink-wiki-organized/powershell_20251125_135308_a64611e1ef2618e9_1.txt,1,#,Or,select,from,dropdown:
/Users/ghostlink/Organized/Docs/Downloads/03_EXECUTION_SUMMARY.md,1,-,Core,modules,"(Ghost,","Lumara,"
/Users/ghostlink/Organized/Docs/Downloads/12-pipelines.md,1,through,The,GhostLink,Protocol,processes
/Users/ghostlink/Organized/Docs/Downloads/SECTION_COMPLETE.md,1,-,What,is,GhostLink,"(one-sentence,"
/Users/ghostlink/Organized/Docs/Downloads/architecture-overview.md,1,**GhostLink,Protocol:,System,Design,&
/Users/ghostlink/Organized/Docs/Downloads/SESSION_SUMMARY.md,1,**GhostLink,is:**,,,
/Users/ghostlink/Organized/Docs/Downloads/expansion-shards.md,1,**GhostLink,Analogy:**,,,
/Users/ghostlink/Organized/Docs/Downloads/ghostslang.md,1,language,GhostSlang,is,a,symbolic
