[
  {
    "name": "Reproducibility (C std/mean \u2264 0.10)",
    "pass": true,
    "detail": "computed across seeds"
  },
  {
    "name": "Difference-only cost (active_mean \u2264 0.20)",
    "pass": true,
    "detail": "active_mean=0.002"
  },
  {
    "name": "Ablation sanity (remove SELF degrades \u2265 0.15)",
    "pass": false,
    "detail": "avg \u0394C (with - without SELF) = -0.021"
  },
  {
    "name": "Predictive lift vs baseline",
    "pass": false,
    "detail": "Pending: neighbors-only baseline not implemented in this run"
  },
  {
    "name": "SOC tail (1<\u03c4<3)",
    "pass": false,
    "detail": "Pending: avalanche fit not implemented in this run"
  },
  {
    "name": "Topology invariance (\u226410% drift)",
    "pass": false,
    "detail": "Pending: sphere vs torus not implemented in this run"
  }
]