timestamp,value,dream_x,dream_z
0.0,0.114772,0.099065,0.000000
0.001,0.721847,0.098285,0.000001
0.002,0.150764,0.097656,0.000003
0.003,0.115145,0.097180,0.000005
0.004,0.116117,0.096852,0.000008
0.005,-0.914361,0.096669,0.000013
0.006,-0.994902,0.096632,0.000018
0.007,-0.997891,0.096737,0.000023
0.008,-0.998260,0.096984,0.000030
0.009,-0.996178,0.097368,0.000037
0.01,-0.997975,0.097892,0.000045
0.011,-0.997910,0.098554,0.000054
0.012,-0.996725,0.099354,0.000064
0.013,-0.998174,0.100292,0.000075
0.014,-0.997138,0.101369,0.000087
0.015,-0.997306,0.102584,0.000100
0.016,-0.998262,0.103937,0.000114
0.017,-0.997287,0.105427,0.000129
0.018,-0.997058,0.107057,0.000145
0.019,-0.998024,0.108825,0.000162
0.02,-0.996055,0.110736,0.000181
0.021,-0.995269,0.112791,0.000200
0.022,-0.996679,0.114985,0.000222
0.023,-0.994781,0.117328,0.000245
0.024,-0.993287,0.119819,0.000269
0.025,-0.996201,0.122460,0.000295
0.026,-0.996799,0.125251,0.000323
0.027,-0.996371,0.128199,0.000353
0.028,-0.997866,0.131302,0.000385
0.029,-0.999171,0.134566,0.000419
0.03,-0.999126,0.137991,0.000456
0.031,-0.998538,0.141584,0.000495
0.032,-0.998425,0.145349,0.000536
0.033,-0.998124,0.149288,0.000581
0.034,-0.993624,0.153403,0.000628
0.035,-0.986003,0.157700,0.000679
0.036,-0.991729,0.162186,0.000733
0.037,-0.994349,0.166861,0.000792
0.038,-0.990137,0.171734,0.000853
0.039,-0.991451,0.176809,0.000920
0.04,-0.996783,0.182089,0.000990
0.041,-0.998243,0.187583,0.001066
0.042,-0.998144,0.193293,0.001147
0.043,-0.996753,0.199228,0.001233
0.044,-0.996008,0.205395,0.001325
0.045,-0.996571,0.211796,0.001424
0.046,-0.996961,0.218444,0.001529
0.047,-0.993200,0.225344,0.001642
0.048,-0.990453,0.232505,0.001763
0.049,-0.992578,0.239933,0.001891
0.05,-0.992294,0.247636,0.002029
0.051,-0.991221,0.255622,0.002176
0.052,-0.985827,0.263902,0.002333
0.053,-0.977032,0.272487,0.002501
0.054,-0.977307,0.281379,0.002681
0.055,-0.987092,0.290595,0.002873
0.056,-0.990316,0.300144,0.003079
0.057,-0.992031,0.310035,0.003298
0.058,-0.990259,0.320282,0.003533
0.059,-0.987775,0.330896,0.003784
0.06,-0.990550,0.341886,0.004053
0.061,-0.994910,0.353271,0.004340
0.062,-0.995621,0.365057,0.004648
0.063,-0.996930,0.377260,0.004976
0.064,-0.996437,0.389890,0.005327
0.065,-0.994038,0.402967,0.005703
0.066,-0.992177,0.416504,0.006105
0.067,-0.991422,0.430517,0.006535
0.068,-0.989982,0.445021,0.006995
0.069,-0.991320,0.460034,0.007487
0.07,-0.993602,0.475572,0.008013
0.071,-0.993973,0.491653,0.008575
0.072,-0.995707,0.508297,0.009177
0.073,-0.996453,0.525522,0.009821
0.074,-0.996635,0.543347,0.010510
0.075,-0.997684,0.561808,0.011247
0.076,-0.996824,0.581207,0.012036
0.077,-0.991824,0.600803,0.012879
0.078,-0.984336,0.622413,0.013784
0.079,-0.977719,0.643680,0.014751
0.08,-0.987455,0.665511,0.015786
0.081,-0.995777,0.691080,0.016899
0.082,-0.997319,0.717334,0.018094
0.083,-0.998435,0.743445,0.019377
0.084,-0.998021,0.769729,0.020751
0.085,-0.997471,0.797801,0.022225
0.086,-0.996990,0.828431,0.023811
0.087,-0.995980,0.859770,0.025514
0.088,-0.995255,0.892486,0.027346
0.089,-0.995053,0.915396,0.029290
0.09,-0.993119,0.951106,0.031381
0.091,-0.994476,0.986929,0.033628
0.092,-0.994144,1.014969,0.036020
0.093,-0.993720,1.049823,0.038580
0.094,-0.995072,1.076239,0.041295
0.095,-0.993082,1.104119,0.044176
0.096,-0.993809,1.139236,0.047250
0.097,-0.993930,1.186074,0.050562
0.098,-0.989480,1.236874,0.054138
0.099,-0.986938,1.257443,0.057896
0.1,-0.987715,1.306755,0.061936
0.101,-0.990471,1.347796,0.066246
0.102,-0.997129,1.392684,0.070853
0.103,-0.998509,1.453384,0.075830
0.104,-0.998689,1.507364,0.081171
0.105,-0.996807,1.579112,0.086968
0.106,-0.980127,1.612330,0.093089
0.107,-0.973904,1.672145,0.099660
0.108,-0.979311,1.736336,0.106723
0.109,-0.993954,1.802423,0.114314
0.11,-0.996893,1.855274,0.122398
0.111,-0.996652,1.926718,0.131090
0.112,-0.997687,2.017071,0.140518
0.113,-0.997655,2.064687,0.150503
0.114,-0.997132,2.180532,0.161437
0.115,-0.997727,2.260548,0.173181
0.116,-0.996722,2.312703,0.185615
0.117,-0.997809,2.397475,0.198964
0.118,-0.997964,2.465849,0.213173
0.119,-0.997878,2.581396,0.228590
0.12,-0.998575,2.629540,0.244831
0.121,-0.998634,2.679192,0.261936
0.122,-0.999057,2.761127,0.280166
0.123,-0.999195,2.843741,0.299580
0.124,-0.999195,2.949107,0.320408
0.125,-0.999276,3.064840,0.342809
0.126,-0.999089,3.137379,0.366509
0.127,-0.999167,3.243376,0.391847
0.128,-0.999032,3.340543,0.418826
0.129,-0.998593,3.486699,0.447970
0.13,-0.998361,3.645569,0.479521
0.131,-0.996896,3.781971,0.513400
0.132,-0.994400,3.903565,0.549581
0.133,-0.992925,4.069835,0.588643
0.134,-0.988653,4.160308,0.629930
0.135,-0.988756,4.351638,0.674657
0.136,-0.988582,4.476466,0.722255
0.137,-0.992741,4.606859,0.772922
0.138,-0.996039,4.721796,0.826607
0.139,-0.997445,4.860875,0.883746
0.14,-0.998213,5.014383,0.944689
0.141,-0.997644,5.198045,1.010033
0.142,-0.997494,5.407043,1.080365
0.143,-0.996340,5.627029,1.156115
0.144,-0.993494,5.839041,1.237463
0.145,-0.988262,5.959893,1.323276
0.146,-0.973577,6.155762,1.414934
0.147,-0.967848,6.272433,1.511398
0.148,-0.954720,6.364709,1.612416
0.149,-0.952095,6.559839,1.719956
0.15,-0.964313,6.852961,1.836124
0.151,-0.973216,7.119062,1.960889
0.152,-0.986453,7.258684,2.092228
0.153,-0.988746,7.542473,2.233292
0.154,-0.991567,7.843311,2.384948
0.155,-0.993734,8.174694,2.548417
0.156,-0.993575,8.359781,2.721101
0.157,-0.992716,8.871812,2.910857
0.158,-0.989456,9.337061,3.117671
0.159,-0.989634,9.439804,3.333714
0.16,-0.992677,9.748617,3.564415
0.161,-0.991931,10.132375,3.812450
0.162,-0.993274,10.454457,4.077085
0.163,-0.992441,10.814384,4.360176
0.164,-0.992482,11.068193,4.659585
0.165,-0.993901,11.457887,4.980028
0.166,-0.997270,11.805684,5.321275
0.167,-0.998582,12.265180,5.687855
0.168,-0.997748,12.644437,6.078469
0.169,-0.991997,12.978062,6.492704
0.17,-0.975615,13.308553,6.931472
0.171,-0.979519,13.680102,7.397296
0.172,-0.995256,14.100904,7.893216
0.173,-0.998288,14.601470,8.423699
0.174,-0.999111,15.189138,8.993917
0.175,-0.998459,15.614918,9.599351
0.176,-0.997464,16.271105,10.251271
0.177,-0.996826,16.793688,10.946364
0.178,-0.997631,17.238537,11.683193
0.179,-0.998443,17.825114,12.470099
0.18,-0.997424,18.234882,13.301084
0.181,-0.996701,18.735776,14.182369
0.182,-0.995066,19.580800,15.133538
0.183,-0.996723,20.661002,16.170620
0.184,-0.994004,21.458823,17.283504
0.185,-0.986932,22.152913,18.470310
0.186,-0.989578,22.695634,19.725819
0.187,-0.990307,23.371835,21.060655
0.188,-0.987604,24.647535,22.514875
0.189,-0.990226,25.496089,24.068571
0.19,-0.997637,26.785969,25.755143
0.191,-0.999242,27.398383,27.536682
0.192,-0.998415,28.650102,29.460977
0.193,-0.997721,29.588311,31.513269
0.194,-0.993396,31.418587,33.765335
0.195,-0.983338,32.329388,36.159163
0.196,-0.981868,32.954739,38.677935
0.197,-0.996828,34.872282,41.430970
0.198,-0.996708,35.537903,44.326254
0.199,-0.996275,37.381780,47.470575
0.2,-0.997984,38.506800,50.812745
0.201,-0.995538,39.367338,54.335768
0.202,-0.996497,40.175876,58.039949
0.203,-0.995927,42.506791,62.081062
0.204,-0.991440,43.324220,66.322521
0.205,-0.995358,44.009254,70.754832
0.206,-0.997140,46.305180,75.555966
0.207,-0.995042,46.821028,80.544679
0.208,-0.997015,48.603995,85.867498
0.209,-0.996944,48.833697,91.353356
0.21,-0.998534,49.909897,97.102628
0.211,-0.998908,50.869226,103.105928
0.212,-0.997627,52.247825,109.420192
0.213,-0.999056,55.800899,116.334597
0.214,-0.998012,58.601565,123.774340
0.215,-0.998827,60.475753,131.631286
0.216,-0.996016,62.143637,139.884918
0.217,-0.997176,62.280881,148.321803
0.218,-0.997449,64.778978,157.276235
0.219,-0.996925,65.978675,166.564743
0.22,-0.993557,69.000303,176.459937
0.221,-0.990823,69.274104,186.547789
0.222,-0.996243,71.278066,197.085439
0.223,-0.996946,73.296310,208.072135
0.224,-0.997272,74.610104,219.388601
0.225,-0.997817,77.720060,231.315533
0.226,-0.998943,79.893938,243.692645
0.227,-0.998044,80.160247,256.186674
0.228,-0.991421,81.627848,268.973631
0.229,-0.980713,82.892480,281.995457
0.23,-0.984277,85.341327,295.426411
0.231,-0.989227,89.210076,309.480096
0.232,-0.983722,90.432571,323.670796
0.233,-0.991718,93.904563,338.342481
0.234,-0.994345,96.212467,353.249420
0.235,-0.996674,96.354665,367.972817
0.236,-0.984764,98.578066,382.813118
0.237,-0.987374,98.977772,397.407227
0.238,-0.984449,99.190423,411.671737
0.239,-0.988180,99.552998,425.579050
0.24,-0.968926,102.581337,439.494851
0.241,-0.949684,103.399598,452.997163
0.242,-0.981663,104.291724,466.035529
0.243,-0.978541,102.380724,478.143759
0.244,-0.976383,102.117267,489.531446
0.245,-0.958139,103.242667,500.344320
0.246,-0.975789,103.751921,510.443275
0.247,-0.988054,105.581656,519.940526
0.248,-0.974119,106.349748,528.641643
0.249,-0.992879,108.653318,536.661308
0.25,-0.998976,107.602829,543.580997
0.251,-0.998565,109.506805,549.668067
0.252,-0.991828,108.569775,554.615026
0.253,-0.952847,109.318381,558.550732
0.254,-0.992046,107.543118,561.276908
0.255,-0.998982,109.277055,563.024293
0.256,-0.998053,108.563260,563.625417
0.257,-0.999077,108.056762,563.105013
0.258,-0.999259,106.490692,561.453474
0.259,-0.999193,106.967558,558.749952
0.26,-0.999353,110.059248,554.991048
0.261,-0.998117,109.170838,550.114999
0.262,-0.999306,105.483327,544.219205
0.263,-0.999598,101.915898,537.435427
0.264,-0.998832,101.831835,529.744343
0.265,-0.998222,97.356878,521.396282
0.266,-0.999188,94.064302,512.468410
0.267,-0.998188,93.214656,502.895767
0.268,-0.997528,90.817278,492.843883
0.269,-0.995854,88.612761,482.375819
0.27,-0.994247,82.529191,471.939718
0.271,-0.998741,79.000410,461.421321
0.272,-0.998309,77.765401,450.653120
0.273,-0.997713,73.389036,440.038058
0.274,-0.999088,71.904618,429.311690
0.275,-0.998378,69.182825,418.666153
0.276,-0.990675,67.400876,408.028224
0.277,-0.983672,63.574583,397.709267
0.278,-0.978869,60.702858,387.630578
0.279,-0.981048,57.017272,377.946417
0.28,-0.992237,54.410996,368.539722
0.281,-0.986763,51.332798,359.506976
0.282,-0.995620,47.656615,350.964450
0.283,-0.997203,42.973884,343.091131
0.284,-0.991926,39.820066,335.676437
0.285,-0.990896,35.578343,328.903345
0.286,-0.992814,32.224091,322.647313
0.287,-0.988118,28.936439,316.906507
0.288,-0.988615,26.454121,311.560271
0.289,-0.986534,23.745993,306.647878
0.29,-0.968358,20.634844,302.236000
0.291,-0.987885,18.383878,298.190056
0.292,-0.977907,15.876823,294.551546
0.293,-0.984572,13.161821,291.353939
0.294,-0.993929,10.273252,288.624807
0.295,-0.988336,7.887770,286.283464
0.296,-0.996788,5.265492,284.366937
0.297,-0.995577,2.886125,282.835569
0.298,-0.996518,0.544823,281.682317
0.299,-0.998036,-2.249298,280.978300
0.3,-0.996774,-4.898491,280.699186
0.301,-0.997498,-7.655463,280.860924
0.302,-0.996620,-10.264525,281.438713
0.303,-0.994659,-12.844634,282.426744
0.304,-0.995804,-15.690056,283.865989
0.305,-0.995405,-18.018840,285.672941
0.306,-0.997526,-20.737492,287.908296
0.307,-0.997315,-23.236383,290.535561
0.308,-0.998807,-25.905876,293.580104
0.309,-0.998982,-28.149138,296.972192
0.31,-0.997172,-30.540500,300.733032
0.311,-0.988042,-32.780773,304.835850
0.312,-0.966158,-34.906576,309.259220
0.313,-0.986711,-37.718061,314.107616
0.314,-0.993642,-39.780187,319.257460
0.315,-0.998031,-41.843397,324.703404
0.316,-0.995748,-44.305773,330.501643
0.317,-0.998318,-46.231611,336.559942
0.318,-0.996346,-48.828806,342.974418
0.319,-0.997329,-50.844309,349.643362
0.32,-0.986482,-53.140571,356.598487
0.321,-0.993557,-55.047684,363.765998
0.322,-0.983998,-57.405803,371.200007
0.323,-0.989064,-60.129547,378.937574
0.324,-0.965374,-62.564476,386.913273
0.325,-0.980991,-65.290752,395.146474
0.326,-0.981843,-65.551370,403.249598
0.327,-0.985719,-66.445240,411.298965
0.328,-0.975694,-68.626765,419.456815
0.329,-0.965906,-69.666930,427.534414
0.33,-0.984115,-71.082758,435.559438
0.331,-0.985990,-74.539418,443.774228
0.332,-0.996280,-76.354919,451.915903
0.333,-0.997947,-76.460784,459.733498
0.334,-0.999178,-77.380943,467.307288
0.335,-0.998632,-77.415217,474.505961
0.336,-0.985976,-79.448331,481.536283
0.337,-0.983951,-80.765067,488.276506
0.338,-0.996469,-81.180179,494.598834
0.339,-0.998441,-80.672779,500.392681
0.34,-0.999283,-82.100495,505.826780
0.341,-0.998740,-82.464515,510.772996
0.342,-0.998373,-83.891202,515.294727
0.343,-0.999593,-83.269952,519.206265
0.344,-0.999267,-84.327906,522.617689
0.345,-0.997396,-84.847828,525.466493
0.346,-0.998568,-86.002625,527.764774
0.347,-0.999390,-85.476958,529.406968
0.348,-0.999149,-85.414699,530.414777
0.349,-0.998441,-84.711482,530.767020
0.35,-1.000000,-85.031032,530.496370
0.351,-0.999409,-82.990595,529.565698
0.352,-0.999226,-81.120248,528.022586
0.353,-0.999083,-82.143040,525.899513
0.354,-0.998829,-82.275727,523.184896
0.355,-0.999346,-81.036622,519.904579
0.356,-0.999361,-80.528163,516.071022
0.357,-0.998436,-81.208548,511.658964
0.358,-0.997195,-80.520288,506.715568
0.359,-0.996945,-80.072758,501.250376
0.36,-0.997338,-78.910417,495.321281
0.361,-0.994768,-78.055670,488.941456
0.362,-0.982855,-76.656780,482.176643
0.363,-0.967178,-73.923677,475.170075
0.364,-0.958766,-73.225128,467.810862
0.365,-0.981704,-72.146421,460.156209
0.366,-0.989387,-69.012016,452.435321
0.367,-0.992183,-68.100069,444.482279
0.368,-0.996310,-64.070487,436.656593
0.369,-0.995684,-62.674004,428.729587
0.37,-0.995200,-60.869601,420.775896
0.371,-0.988329,-60.298744,412.678547
0.372,-0.977386,-56.752786,404.820319
0.373,-0.976149,-53.936464,397.152852
0.374,-0.962243,-51.429255,389.668620
0.375,-0.949080,-49.531103,382.314203
0.376,-0.930666,-46.636535,375.242196
0.377,-0.939517,-43.497144,368.508538
0.378,-0.972086,-41.542714,361.972428
0.379,-0.974143,-39.264844,355.691654
0.38,-0.979574,-36.918390,349.688341
0.381,-0.976969,-35.449221,343.851597
0.382,-0.986419,-32.772041,338.357792
0.383,-0.990803,-29.906910,333.241418
0.384,-0.991061,-27.028622,328.510760
0.385,-0.994004,-25.100380,324.037424
0.386,-0.994603,-23.155774,319.827162
0.387,-0.995453,-20.655511,315.960369
0.388,-0.996517,-18.123757,312.442872
0.389,-0.995880,-15.879379,309.235099
0.39,-0.996640,-13.409284,306.368560
0.391,-0.996415,-11.741144,303.731126
0.392,-0.996092,-9.430612,301.411575
0.393,-0.996902,-7.612823,299.340398
0.394,-0.994779,-5.800445,297.515760
0.395,-0.996197,-3.404023,296.016559
0.396,-0.998117,-1.048952,294.834727
0.397,-0.998582,0.985888,293.923998
0.398,-0.998565,2.755326,293.245965
0.399,-0.994320,5.121097,292.879776
0.4,-0.983404,7.402927,292.811271
0.401,-0.980858,9.616942,293.028596
0.402,-0.982957,11.647610,293.504331
0.403,-0.994753,13.767967,294.248187
0.404,-0.997677,15.897850,295.258977
0.405,-0.997802,17.895598,296.516354
0.406,-0.998097,20.046276,298.038627
0.407,-0.996106,22.049841,299.803441
0.408,-0.994506,24.075038,301.811320
0.409,-0.995620,26.124040,304.063076
0.41,-0.996344,27.890919,306.517809
0.411,-0.996317,29.958390,309.213909
0.412,-0.993514,31.786475,312.116022
0.413,-0.992161,33.752933,315.240293
0.414,-0.994370,35.424447,318.543220
0.415,-0.992893,37.102385,322.022366
0.416,-0.985939,38.813096,325.678750
0.417,-0.983305,40.553845,329.512833
0.418,-0.987606,42.411932,333.537034
0.419,-0.990080,44.375180,337.761937
0.42,-0.977875,45.595432,342.079114
0.421,-0.959746,46.738598,346.472493
0.422,-0.989294,48.722775,351.054794
0.423,-0.997384,49.731457,355.683192
0.424,-0.997499,51.938704,360.520369
0.425,-0.998858,53.970783,365.535046
0.426,-0.999363,55.317302,370.623326
0.427,-0.998343,56.384585,375.738268
0.428,-0.995403,58.040407,380.954473
0.429,-0.994103,58.183084,386.051528
0.43,-0.992109,59.393761,391.171076
0.431,-0.992485,60.359597,396.270177
0.432,-0.997614,61.258051,401.330691
0.433,-0.999115,62.138651,406.341169
0.434,-0.998558,61.822491,411.131744
0.435,-0.998565,62.048575,415.770765
0.436,-0.999067,62.736369,420.312974
0.437,-0.998495,63.599535,424.772798
0.438,-0.998798,63.843345,429.062261
0.439,-0.998874,63.798964,433.140095
0.44,-0.996606,63.772975,437.005518
0.441,-0.996907,63.561943,440.633856
0.442,-0.998427,63.682268,444.062778
0.443,-0.997918,64.809275,447.402242
0.444,-0.998281,66.140510,450.660818
0.445,-0.998546,67.511102,453.825028
0.446,-0.996984,67.490703,456.733880
0.447,-0.998341,66.676116,459.306580
0.448,-0.999204,67.111373,461.665395
0.449,-0.998488,67.326718,463.780984
0.45,-0.998674,66.595523,465.567641
0.451,-0.998412,65.336581,466.991195
0.452,-0.997269,65.257818,468.152207
0.453,-0.998501,65.948899,469.099294
0.454,-0.997896,67.004095,469.838515
0.455,-0.995045,65.043569,470.179076
0.456,-0.994248,64.660662,470.227876
0.457,-0.989010,64.004490,469.974409
0.458,-0.989686,62.898013,469.408205
0.459,-0.993926,63.016837,468.581889
0.46,-0.986709,62.502361,467.471681
0.461,-0.978494,60.387781,466.051637
0.462,-0.979990,58.613448,464.359385
0.463,-0.963547,58.305935,462.430907
0.464,-0.982182,57.361784,460.266113
0.465,-0.990832,55.298258,457.882747
0.466,-0.985826,53.985834,455.303076
0.467,-0.993715,51.890773,452.557513
0.468,-0.994960,50.314922,449.663873
0.469,-0.994205,49.042921,446.633978
0.47,-0.997604,47.760022,443.483065
0.471,-0.995186,47.563754,440.185456
0.472,-0.978457,46.457288,436.777912
0.473,-0.978315,45.590416,433.260927
0.474,-0.971249,44.565059,429.650669
0.475,-0.954336,43.111526,425.980973
0.476,-0.983552,42.140560,422.238212
0.477,-0.988416,39.943998,418.509439
0.478,-0.985718,37.954830,414.803226
0.479,-0.995249,36.522510,411.098597
0.48,-0.997549,34.977452,407.415831
0.481,-0.996003,33.788544,403.739504
0.482,-0.997925,32.312451,400.101190
0.483,-0.997737,30.628228,396.528678
0.484,-0.993253,27.712866,393.139429
0.485,-0.995990,25.883476,389.856179
0.486,-0.997936,24.271391,386.669068
0.487,-0.994699,22.381525,383.611476
0.488,-0.993480,21.047736,380.639380
0.489,-0.997178,19.324931,377.795020
0.49,-0.995495,17.704919,375.074578
0.491,-0.992453,15.524646,372.538505
0.492,-0.997181,14.360691,370.091693
0.493,-0.997179,12.142266,367.843108
0.494,-0.992731,10.419357,365.747313
0.495,-0.995148,8.423947,363.835395
0.496,-0.996866,6.764289,362.075729
0.497,-0.994883,5.246311,360.455534
0.498,-0.990197,4.225963,358.924141
0.499,-0.993988,2.824807,357.522061
0.5,-0.994700,0.768691,356.319222
0.501,-0.992835,-0.996406,355.285951
0.502,-0.995799,-3.004745,354.448557
0.503,-0.998794,-4.521158,353.755008
0.504,-0.999405,-5.949711,353.195761
0.505,-0.999118,-7.100415,352.740842
0.506,-0.997288,-8.492088,352.415393
0.507,-0.991070,-9.917197,352.222318
0.508,-0.983103,-11.346659,352.161266
0.509,-0.981651,-12.945741,352.249319
0.51,-0.974340,-14.327810,352.462208
0.511,-0.981653,-15.637890,352.791047
0.512,-0.995296,-17.076394,353.248108
0.513,-0.998313,-18.194743,353.797999
0.514,-0.997525,-19.424663,354.451075
0.515,-0.995582,-20.898147,355.231291
0.516,-0.995134,-22.250656,356.123927
0.517,-0.995225,-23.082124,357.072576
0.518,-0.995497,-24.330008,358.119000
0.519,-0.996095,-25.441968,359.246949
0.52,-0.996004,-26.634762,360.462603
0.521,-0.994530,-28.151291,361.796632
0.522,-0.992927,-28.963771,363.174222
0.523,-0.993293,-29.666933,364.582335
0.524,-0.995623,-30.961907,366.078434
0.525,-0.995810,-32.090067,367.642547
0.526,-0.996100,-33.206700,369.270332
0.527,-0.996440,-33.937069,370.920644
0.528,-0.994760,-34.796206,372.603479
0.529,-0.991089,-35.834206,374.332972
0.53,-0.990278,-36.350314,376.055962
0.531,-0.991405,-37.287397,377.809676
0.532,-0.993414,-37.785920,379.549857
0.533,-0.994877,-38.764680,381.317951
0.534,-0.995855,-39.839594,383.118250
0.535,-0.996514,-40.955991,384.949359
0.536,-0.995845,-41.440490,386.750875
0.537,-0.994655,-42.794459,388.593923
0.538,-0.996564,-43.314111,390.401427
0.539,-0.997955,-43.703874,392.159374
0.54,-0.998392,-44.276034,393.879472
0.541,-0.998927,-44.505204,395.531126
0.542,-0.998994,-45.315817,397.156245
0.543,-0.998836,-45.908477,398.733014
0.544,-0.998101,-46.595694,400.263497
0.545,-0.997326,-47.179650,401.735037
0.546,-0.995877,-47.293259,403.111414
0.547,-0.995522,-47.506791,404.397349
0.548,-0.994858,-48.553180,405.641287
0.549,-0.992400,-48.928875,406.794727
0.55,-0.992018,-48.860176,407.828897
0.551,-0.992039,-48.983196,408.753551
0.552,-0.993628,-48.550854,409.539144
0.553,-0.995142,-47.845084,410.175922
0.554,-0.997260,-48.063531,410.709797
0.555,-0.998059,-47.858945,411.120887
0.556,-0.998829,-47.294088,411.396766
0.557,-0.998799,-47.033035,411.552448
0.558,-0.998904,-46.405141,411.578070
0.559,-0.998741,-46.120119,411.488585
0.56,-0.998897,-45.969533,411.289521
0.561,-0.998745,-46.033258,410.986648
0.562,-0.998802,-46.178439,410.580536
0.563,-0.998773,-45.351989,410.053080
0.564,-0.998211,-45.847542,409.429499
0.565,-0.996079,-45.964442,408.700747
0.566,-0.993930,-46.013286,407.864724
0.567,-0.992116,-45.336291,406.917207
0.568,-0.992206,-45.294213,405.864898
0.569,-0.993273,-45.402575,404.707487
0.57,-0.995237,-45.121183,403.445373
0.571,-0.994927,-44.820801,402.080886
0.572,-0.992401,-43.896081,400.623177
0.573,-0.985666,-43.302568,399.075614
0.574,-0.974406,-41.928538,397.456106
0.575,-0.970906,-41.511431,395.757309
0.576,-0.982997,-40.800193,393.988901
0.577,-0.989811,-38.929216,392.184981
0.578,-0.990957,-37.593644,390.344774
0.579,-0.983951,-37.294406,388.446975
0.58,-0.978918,-36.324818,386.514680
0.581,-0.983616,-34.749502,384.574521
0.582,-0.989013,-33.816764,382.613023
0.583,-0.991048,-32.559245,380.647651
0.584,-0.986574,-31.618144,378.672651
0.585,-0.985624,-31.120151,376.674560
0.586,-0.990315,-30.061191,374.679670
0.587,-0.993933,-28.925502,372.696228
0.588,-0.991589,-28.061000,370.716753
0.589,-0.984924,-27.346202,368.737705
0.59,-0.988815,-26.077788,366.788514
0.591,-0.994188,-25.388771,364.845102
0.592,-0.992558,-24.525168,362.918599
0.593,-0.983421,-23.416282,361.024403
0.594,-0.986670,-22.311364,359.165581
0.595,-0.992619,-21.324658,357.338811
0.596,-0.988899,-20.348877,355.545967
0.597,-0.970769,-19.393466,353.788180
0.598,-0.976280,-18.292570,352.075609
0.599,0.983426,-17.506158,350.392621
0.6,0.637164,-16.312427,348.763888
0.601,0.368035,-15.514090,347.168538
0.602,0.977598,-14.715752,345.607743
0.603,0.362699,-13.671764,344.096991
0.604,0.986312,-12.722531,342.631958
0.605,0.184989,-11.933920,341.204131
0.606,0.760428,-10.764687,339.837036
0.607,0.432302,-9.908828,338.512848
0.608,-0.472386,-9.182189,337.224419
0.609,-0.904522,-8.424174,335.974141
0.61,-0.996045,-7.546030,334.769768
0.611,-0.997877,-6.557336,333.618484
0.612,-0.993136,-5.595444,332.519066
0.613,-0.993523,-4.731402,331.465853
0.614,-0.985685,-3.934050,330.454996
0.615,-0.970479,-3.204825,329.482494
0.616,-0.981057,-2.234575,328.563249
0.617,-0.957460,-1.527026,327.681230
0.618,-0.975468,-0.770877,326.839466
0.619,-0.984859,0.064841,326.042840
0.62,-0.989552,0.906145,325.291651
0.621,-0.996800,1.885258,324.594234
0.622,-0.995564,2.531324,323.930077
0.623,-0.998202,3.321314,323.307860
0.624,-0.998241,3.987976,322.719908
0.625,-0.998782,4.643836,322.165420
0.626,-0.999186,5.378086,321.648982
0.627,-0.998611,6.005682,321.163932
0.628,-0.999182,6.696771,320.713907
0.629,-0.997926,7.390091,320.298796
0.63,-0.999070,8.159916,319.922898
0.631,-0.998265,8.855555,319.581449
0.632,-0.998757,9.584704,319.276110
0.633,-0.997816,10.357191,319.009064
0.634,-0.998246,11.163849,318.781868
0.635,-0.997970,11.757639,318.581577
0.636,-0.998203,12.473262,318.414937
0.637,-0.997674,13.130017,318.278066
0.638,-0.997027,13.602884,318.159959
0.639,-0.996571,14.181943,318.066418
0.64,-0.996070,14.865129,318.002949
0.641,-0.996250,15.386409,317.959883
0.642,-0.996946,15.872287,317.934870
0.643,-0.995982,16.411998,317.930554
0.644,-0.995817,16.999441,317.949128
0.645,-0.994590,17.629537,317.992397
0.646,-0.996512,18.250837,318.059270
0.647,-0.994664,18.739328,318.141981
0.648,-0.996816,19.340872,318.246082
0.649,-0.992062,19.946597,318.371128
0.65,-0.995470,20.569592,318.517310
0.651,-0.991515,21.053453,318.676677
0.652,-0.995581,21.726495,318.858313
0.653,-0.993426,22.027833,319.042540
0.654,-0.995113,22.473333,319.236262
0.655,-0.994523,22.800297,319.433087
0.656,-0.990939,23.193280,319.635865
0.657,-0.993825,23.572283,319.843429
0.658,-0.987426,24.142262,320.064303
0.659,-0.992655,24.654797,320.294896
0.66,-0.988749,24.958910,320.524836
0.661,-0.989559,25.406655,320.760203
0.662,-0.992227,25.859882,321.000503
0.663,-0.992711,26.297994,321.244300
0.664,-0.998259,26.718321,321.490067
0.665,-0.998285,26.935425,321.728532
0.666,-0.999017,27.403473,321.969750
0.667,-0.999380,27.708948,322.206263
0.668,-0.998847,28.021072,322.437819
0.669,-0.999253,28.345114,322.664333
0.67,-0.998615,28.826673,322.891144
0.671,-0.997378,29.261526,323.115492
0.672,-0.996784,29.365082,323.324571
0.673,-0.986131,29.771694,323.528934
0.674,-0.982429,30.180136,323.727750
0.675,-0.982586,30.536773,323.918391
0.676,-0.966268,30.657573,324.092537
0.677,-0.984867,30.967863,324.255971
0.678,-0.983756,31.322262,324.409352
0.679,-0.980283,31.618251,324.550179
0.68,-0.990665,31.606798,324.669250
0.681,-0.992256,31.774873,324.771709
0.682,-0.992266,32.233730,324.864815
0.683,-0.996711,32.457872,324.941599
0.684,-0.995376,32.705263,325.002189
0.685,-0.993794,32.802498,325.042699
0.686,-0.996823,32.816224,325.061331
0.687,-0.995823,32.883342,325.059443
0.688,-0.994332,32.878988,325.035757
0.689,-0.997387,33.190734,324.996368
0.69,-0.997037,33.261751,324.936459
0.691,-0.994022,33.166566,324.853456
0.692,-0.994614,33.261864,324.750854
0.693,-0.994856,33.076911,324.624769
0.694,-0.990872,33.104424,324.478857
0.695,-0.994092,33.172878,324.313847
0.696,-0.996477,33.264199,324.130105
0.697,-0.993654,33.284956,323.926988
0.698,-0.991056,33.333645,323.705010
0.699,-0.994707,33.152360,323.462555
0.7,-0.993687,33.059291,323.201096
0.701,-0.991153,32.971449,322.921257
0.702,-0.994125,32.718082,322.622791
0.703,-0.996063,32.492949,322.306830
0.704,-0.993260,32.178695,321.974009
0.705,-0.988455,32.209397,321.626227
0.706,-0.993781,32.021525,321.263381
0.707,-0.996304,31.951009,320.886291
0.708,-0.995303,31.682702,320.495448
0.709,-0.996110,31.501255,320.091665
0.71,-0.998036,31.362920,319.675539
0.711,-0.997957,31.148156,319.247815
0.712,-0.996234,30.806888,318.809603
0.713,-0.996766,30.749242,318.360729
0.714,-0.998501,30.502954,317.902387
0.715,-0.998650,30.320540,317.434929
0.716,-0.997553,30.131889,316.958931
0.717,-0.997485,30.047732,316.474248
0.718,-0.998588,29.940342,315.981370
0.719,-0.998890,29.683423,315.481792
0.72,-0.998202,29.374769,314.976523
0.721,-0.998542,29.241681,314.464679
0.722,-0.999159,28.893556,313.948579
0.723,-0.999450,28.812156,313.426283
0.724,-0.999151,28.629608,312.899054
0.725,-0.998471,28.324826,312.368547
0.726,-0.998741,28.187890,311.833418
0.727,-0.999267,27.933466,311.295275
0.728,-0.999436,27.688275,310.754403
0.729,-0.999066,27.587773,310.209407
0.73,-0.998681,27.428530,309.661212
0.731,-0.999148,27.429639,309.108007
0.732,-0.999398,27.070573,308.554605
0.733,-0.999388,26.828135,307.999843
0.734,-0.998952,26.795164,307.441124
0.735,-0.998719,26.438329,306.883077
0.736,-0.999083,26.132469,306.325315
0.737,-0.999261,25.869409,305.767493
0.738,-0.998777,25.684860,305.208684
0.739,-0.997691,25.516257,304.648816
0.74,-0.996043,25.138730,304.091196
0.741,-0.996993,24.867666,303.534444
0.742,-0.997918,24.573110,302.979099
0.743,-0.997866,24.340050,302.424370
0.744,-0.997088,24.206375,301.868823
0.745,-0.994817,24.037041,301.313113
0.746,-0.994545,23.717263,300.759749
0.747,-0.995887,23.493394,300.207319
0.748,-0.996663,23.300296,299.655420
0.749,-0.997236,23.117857,299.103963
0.75,-0.995634,22.935695,298.553018
0.751,-0.992973,22.602229,298.005158
0.752,-0.992416,22.323258,297.459573
0.753,-0.994725,22.143440,296.914688
0.754,-0.996694,22.015237,296.369698
0.755,-0.997860,21.667338,295.828332
0.756,-0.998203,21.337461,295.290355
0.757,-0.997747,21.134398,294.753691
0.758,-0.997760,21.083657,294.215816
0.759,-0.998282,20.853180,293.679802
0.76,-0.998705,20.698430,293.144411
0.761,-0.999221,20.510586,292.610244
0.762,-0.999120,20.279256,292.078075
0.763,-0.998761,20.080917,291.547382
0.764,-0.997975,19.744383,291.020541
0.765,-0.997372,19.530556,290.495506
0.766,-0.996936,19.268037,289.973131
0.767,-0.997846,18.960712,289.454203
0.768,-0.998153,18.678938,288.938316
0.769,-0.998458,18.415516,288.425183
0.77,-0.997920,18.246975,287.913229
0.771,-0.996815,18.033767,287.403237
0.772,-0.993931,17.711440,286.897078
0.773,-0.991462,17.454777,286.393663
0.774,-0.990519,17.242736,285.892271
0.775,-0.990443,16.906850,285.395009
0.776,-0.989948,16.680783,284.900055
0.777,-0.990289,16.441744,284.407659
0.778,-0.991053,16.314957,283.915971
0.779,-0.984641,16.108967,283.426356
0.78,-0.981807,15.951587,282.938040
0.781,-0.968995,15.712675,282.452421
0.782,-0.965640,15.593616,281.967539
0.783,-0.966395,15.328633,281.485867
0.784,-0.968925,15.041588,281.007809
0.785,-0.973173,14.811439,280.532455
0.786,-0.979943,14.744744,280.057133
0.787,-0.982150,14.520414,279.584513
0.788,-0.979780,14.434542,279.112343
0.789,-0.979594,14.244055,278.642413
0.79,-0.976337,14.071090,278.174482
0.791,-0.969946,13.812334,277.710023
0.792,-0.962426,13.669057,277.247174
0.793,-0.960614,13.584332,276.785020
0.794,-0.963056,13.467919,276.324145
0.795,-0.967139,13.304860,275.865381
0.796,-0.972538,13.131093,275.408964
0.797,-0.979131,12.957020,274.954960
0.798,-0.983589,12.831633,274.502622
0.799,-0.984210,12.697525,274.052156
0.8,-0.986736,12.570527,273.603507
0.801,-0.988164,12.370650,273.157957
0.802,-0.988159,12.232857,272.714535
0.803,-0.988965,12.041288,272.274210
0.804,-0.989772,11.873634,271.836652
0.805,-0.988999,11.782869,271.400642
0.806,-0.986722,11.645299,270.967035
0.807,-0.985469,11.485806,270.536274
0.808,-0.982336,11.378589,270.107551
0.809,-0.983194,11.295242,269.680530
0.81,-0.982977,11.198081,269.255518
0.811,-0.982650,11.102657,268.832557
0.812,-0.984030,10.951264,268.412679
0.813,-0.982978,10.827490,267.995489
0.814,-0.982933,10.678273,267.581507
0.815,-0.984877,10.523483,267.170913
0.816,-0.984986,10.319678,266.764647
0.817,-0.987454,10.156118,266.362106
0.818,-0.987404,9.956891,265.964009
0.819,-0.987923,9.836472,265.569071
0.82,-0.985700,9.690676,265.177830
0.821,-0.986738,9.549215,264.790306
0.822,-0.988432,9.410320,264.406551
0.823,-0.989633,9.259095,264.026887
0.824,-0.990358,9.102624,263.651515
0.825,-0.989514,8.949771,263.280479
0.826,-0.988927,8.812284,262.913606
0.827,-0.991019,8.690897,262.550707
0.828,-0.992584,8.545451,262.192336
0.829,-0.995156,8.440688,261.837844
0.83,-0.996279,8.273317,261.488522
0.831,-0.996894,8.187869,261.142933
0.832,-0.997868,8.037469,260.802428
0.833,-0.998583,7.893566,260.467011
0.834,-0.999000,7.738715,260.137026
0.835,-0.999197,7.593160,259.812427
0.836,-0.998873,7.530202,259.491701
0.837,-0.998195,7.377231,259.176759
0.838,-0.996116,7.269523,258.866828
0.839,-0.993120,7.122695,258.562835
0.84,-0.988306,6.992994,258.264575
0.841,-0.982800,6.888000,257.971674
0.842,-0.977712,6.733990,257.685300
0.843,-0.972964,6.637648,257.404385
0.844,-0.978083,6.482644,257.130327
0.845,-0.986276,6.373581,256.862297
0.846,-0.992344,6.270153,256.600315
0.847,-0.995882,6.102873,256.345950
0.848,-0.997139,5.960997,256.098822
0.849,-0.997602,5.861438,255.858144
0.85,-0.997990,5.746591,255.624420
0.851,-0.998163,5.700322,255.396213
0.852,-0.998629,5.593695,255.175066
0.853,-0.998703,5.476142,254.961404
0.854,-0.998776,5.369576,254.755138
0.855,-0.998728,5.229747,254.557252
0.856,-0.998753,5.070436,254.368433
0.857,-0.998955,4.945898,254.188028
0.858,-0.998964,4.796002,254.016881
0.859,-0.999139,4.746532,253.852630
0.86,-0.998925,4.627867,253.697215
0.861,-0.998688,4.566926,253.549314
0.862,-0.998506,4.397656,253.411969
0.863,-0.998554,4.322277,253.282898
0.864,-0.998380,4.210010,253.163280
0.865,-0.998031,4.043651,253.054824
0.866,-0.997349,3.867328,252.958075
0.867,-0.997702,3.816561,252.869742
0.868,-0.998348,3.743117,252.790630
0.869,-0.998686,3.582376,252.723470
0.87,-0.998694,3.471991,252.667045
0.871,-0.998230,3.375008,252.621179
0.872,-0.997298,3.245837,252.587061
0.873,-0.995629,3.027133,252.567696
0.874,-0.995625,2.986455,252.557888
0.875,-0.994358,2.816547,252.561875
0.876,-0.994090,2.770640,252.575991
0.877,-0.993392,2.685460,252.601671
0.878,-0.994453,2.560038,252.640446
0.879,-0.994955,2.586690,252.687511
0.88,-0.995180,2.465984,252.747909
0.881,-0.991480,2.241296,252.825447
0.882,-0.984529,2.181895,252.914789
0.883,-0.981722,2.043881,253.018872
0.884,-0.986399,1.909232,253.137853
0.885,-0.993127,1.852316,253.269214
0.886,-0.995761,1.712618,253.416140
0.887,-0.996538,1.658001,253.575777
0.888,-0.997001,1.521205,253.751359
0.889,-0.997310,1.363624,253.943948
0.89,-0.998213,1.294509,254.150456
0.891,-0.998815,1.189491,254.372457
0.892,-0.999130,1.023626,254.612560
0.893,-0.999236,0.999938,254.865428
0.894,-0.998725,0.842840,255.136526
0.895,-0.996986,0.679257,255.426404
0.896,-0.990782,0.526594,255.734900
0.897,-0.983631,0.406704,256.060920
0.898,-0.984289,0.144336,256.410676
0.899,-0.988416,0.064999,256.776781
0.9,-1.000000,-0.099521,257.163048
0.901,-1.000000,-0.191863,257.566590
0.902,-1.000000,-0.286520,257.987652
0.903,-1.000000,-0.450729,258.429471
0.904,-1.000000,-0.753568,258.898499
0.905,-1.000000,-0.975488,259.391456
0.906,-1.000000,-1.172331,259.907458
0.907,-1.000000,-1.288350,260.442974
0.908,-1.000000,-1.360212,260.996031
0.909,-1.000000,-1.535439,261.571541
0.91,-1.000000,-1.656641,262.167060
0.911,-1.000000,-1.825981,262.784957
0.912,-1.000000,-2.085224,263.429694
0.913,-1.000000,-2.392570,264.103802
0.914,-1.000000,-2.519554,264.798550
0.915,-1.000000,-2.462544,265.504711
0.916,-1.000000,-2.673409,266.235486
0.917,-1.000000,-2.748715,266.984004
0.918,-1.000000,-2.862044,267.752033
0.919,-1.000000,-3.061391,268.543834
0.92,-1.000000,-3.254515,269.358976
0.921,-1.000000,-3.344833,270.191951
0.922,-1.000000,-3.622081,271.052270
0.923,-1.000000,-3.769653,271.932940
0.924,-1.000000,-3.976084,272.836762
0.925,-1.000000,-4.120594,273.760133
0.926,-1.000000,-4.368476,274.708171
0.927,-1.000000,-4.565977,275.677787
0.928,-1.000000,-4.649277,276.662372
0.929,-1.000000,-4.752402,277.662430
0.93,-1.000000,-4.710891,278.669550
0.931,-1.000000,-4.732732,279.686500
0.932,-1.000000,-4.993033,280.725536
0.933,-1.000000,-5.162583,281.781043
0.934,-1.000000,-5.543712,282.863741
0.935,-1.000000,-5.695976,283.960372
0.936,-1.000000,-5.607401,285.057006
0.937,-1.000000,-5.889426,286.172828
0.938,-1.000000,-6.103035,287.303117
0.939,-1.000000,-6.366359,288.449473
0.94,-1.000000,-6.324776,289.594379
0.941,-1.000000,-6.498123,290.748287
0.942,-1.000000,-6.420053,291.896634
0.943,-1.000000,-6.310639,293.036747
0.944,-1.000000,-6.364438,294.176196
0.945,-1.000000,-6.470372,295.316512
0.946,-1.000000,-6.707571,296.463184
0.947,-1.000000,-6.696833,297.602028
0.948,-1.000000,-6.692174,298.732167
0.949,-1.000000,-6.651896,299.850615
0.95,-1.000000,-6.616895,300.956488
0.951,-1.000000,-6.781828,302.058392
0.952,-1.000000,-6.835904,303.149423
0.953,-1.000000,-6.956532,304.231370
0.954,-1.000000,-6.757891,305.287791
0.955,-1.000000,-6.788845,306.328435
0.956,-1.000000,-6.717636,307.347375
0.957,-1.000000,-6.654495,308.343910
0.958,-1.000000,-6.516910,309.313756
0.959,-1.000000,-6.876936,310.277220
0.96,-1.000000,-6.886700,311.217525
0.961,-1.000000,-7.121295,312.142541
0.962,-1.000000,-7.033946,313.037620
0.963,-1.000000,-7.118732,313.908462
0.964,-1.000000,-7.028537,314.747081
0.965,-1.000000,-6.901983,315.551316
0.966,-1.000000,-6.910425,316.325230
0.967,-1.000000,-7.033891,317.071624
0.968,-1.000000,-7.168347,317.789369
0.969,-1.000000,-7.411969,318.480389
0.97,-1.000000,-7.404394,319.135169
0.971,-1.000000,-7.335208,319.750989
0.972,-1.000000,-7.280363,320.327602
0.973,-1.000000,-6.947426,320.857036
0.974,-1.000000,-6.876252,321.346367
0.975,-1.000000,-6.831775,321.795778
0.976,-1.000000,-6.425288,322.196672
0.977,-1.000000,-6.241797,322.554762
0.978,-1.000000,-5.668387,322.862550
0.979,-1.000000,-5.433178,323.128055
0.98,-1.000000,-5.153033,323.351023
0.981,-1.000000,-4.937419,323.533211
0.982,-1.000000,-4.571139,323.672970
0.983,-1.000000,-4.640168,323.777238
0.984,-1.000000,-4.236189,323.839884
0.985,-1.000000,-4.231567,323.866596
0.986,-1.000000,-4.129817,323.856381
0.987,-1.000000,-3.773267,323.807462
0.988,-1.000000,-3.594496,323.722415
0.989,-1.000000,-3.425274,323.601997
0.99,-1.000000,-3.032329,323.445836
0.991,-1.000000,-2.822186,323.256098
0.992,-1.000000,-2.463452,323.033293
0.993,-1.000000,-2.165264,322.778905
0.994,-1.000000,-1.867231,322.494139
0.995,-1.000000,-1.883623,322.180026
0.996,-1.000000,-1.505997,321.837454
0.997,-1.000000,-1.237962,321.467606
0.998,-1.000000,-0.941669,321.071718
0.999,-1.000000,-0.807085,320.650298
